Entidad,B4-A-Nada difícil-Recuento,B4-A-Nada difícil-% del N de fila,B4-A-Nada difícil-% de N columnas,B4-A-Poco difícil-Recuento,B4-A-Poco difícil-% del N de fila,B4-A-Poco difícil-% de N columnas,B4-A-Difícil-Recuento,B4-A-Difícil-% del N de fila,B4-A-Difícil-% de N columnas,B4-A-Muy difícil-Recuento,B4-A-Muy difícil-% del N de fila,B4-A-Muy difícil-% de N columnas,B4-B-Nada difícil-Recuento,B4-B-Nada difícil-% del N de fila,B4-B-Nada difícil-% de N columnas,B4-B-Poco difícil-Recuento,B4-B-Poco difícil-% del N de fila,B4-B-Poco difícil-% de N columnas,B4-B-Difícil-Recuento,B4-B-Difícil-% del N de fila,B4-B-Difícil-% de N columnas,B4-B-Muy difícil-Recuento,B4-B-Muy difícil-% del N de fila,B4-B-Muy difícil-% de N columnas,B4-C-Nada difícil-Recuento,B4-C-Nada difícil-% del N de fila,B4-C-Nada difícil-% de N columnas,B4-C-Poco difícil-Recuento,B4-C-Poco difícil-% del N de fila,B4-C-Poco difícil-% de N columnas,B4-C-Difícil-Recuento,B4-C-Difícil-% del N de fila,B4-C-Difícil-% de N columnas,B4-C-Muy difícil-Recuento,B4-C-Muy difícil-% del N de fila,B4-C-Muy difícil-% de N columnas,B4-D-Nada difícil-Recuento,B4-D-Nada difícil-% del N de fila,B4-D-Nada difícil-% de N columnas,B4-D-Poco difícil-Recuento,B4-D-Poco difícil-% del N de fila,B4-D-Poco difícil-% de N columnas,B4-D-Difícil-Recuento,B4-D-Difícil-% del N de fila,B4-D-Difícil-% de N columnas,B4-D-Muy difícil-Recuento,B4-D-Muy difícil-% del N de fila,B4-D-Muy difícil-% de N columnas,B4-E-Nada difícil-Recuento,B4-E-Nada difícil-% del N de fila,B4-E-Nada difícil-% de N columnas,B4-E-Poco difícil-Recuento,B4-E-Poco difícil-% del N de fila,B4-E-Poco difícil-% de N columnas,B4-E-Difícil-Recuento,B4-E-Difícil-% del N de fila,B4-E-Difícil-% de N columnas,B4-E-Muy difícil-Recuento,B4-E-Muy difícil-% del N de fila,B4-E-Muy difícil-% de N columnas,B4-F-Nada difícil-Recuento,B4-F-Nada difícil-% del N de fila,B4-F-Nada difícil-% de N columnas,B4-F-Poco difícil-Recuento,B4-F-Poco difícil-% del N de fila,B4-F-Poco difícil-% de N columnas,B4-F-Difícil-Recuento,B4-F-Difícil-% del N de fila,B4-F-Difícil-% de N columnas,B4-F-Muy difícil-Recuento,B4-F-Muy difícil-% del N de fila,B4-F-Muy difícil-% de N columnas,B4-G-Nada difícil-Recuento,B4-G-Nada difícil-% del N de fila,B4-G-Nada difícil-% de N columnas,B4-G-Poco difícil-Recuento,B4-G-Poco difícil-% del N de fila,B4-G-Poco difícil-% de N columnas,B4-G-Difícil-Recuento,B4-G-Difícil-% del N de fila,B4-G-Difícil-% de N columnas,B4-G-Muy difícil-Recuento,B4-G-Muy difícil-% del N de fila,B4-G-Muy difícil-% de N columnas,B4-H-Nada difícil-Recuento,B4-H-Nada difícil-% del N de fila,B4-H-Nada difícil-% de N columnas,B4-H-Poco difícil-Recuento,B4-H-Poco difícil-% del N de fila,B4-H-Poco difícil-% de N columnas,B4-H-Difícil-Recuento,B4-H-Difícil-% del N de fila,B4-H-Difícil-% de N columnas,B4-H-Muy difícil-Recuento,B4-H-Muy difícil-% del N de fila,B4-H-Muy difícil-% de N columnas,B4-I-Nada difícil-Recuento,B4-I-Nada difícil-% del N de fila,B4-I-Nada difícil-% de N columnas,B4-I-Poco difícil-Recuento,B4-I-Poco difícil-% del N de fila,B4-I-Poco difícil-% de N columnas,B4-I-Difícil-Recuento,B4-I-Difícil-% del N de fila,B4-I-Difícil-% de N columnas,B4-I-Muy difícil-Recuento,B4-I-Muy difícil-% del N de fila,B4-I-Muy difícil-% de N columnas,B4-J-Nada difícil-Recuento,B4-J-Nada difícil-% del N de fila,B4-J-Nada difícil-% de N columnas,B4-J-Poco difícil-Recuento,B4-J-Poco difícil-% del N de fila,B4-J-Poco difícil-% de N columnas,B4-J-Difícil-Recuento,B4-J-Difícil-% del N de fila,B4-J-Difícil-% de N columnas,B4-J-Muy difícil-Recuento,B4-J-Muy difícil-% del N de fila,B4-J-Muy difícil-% de N columnas,B4-K-Nada difícil-Recuento,B4-K-Nada difícil-% del N de fila,B4-K-Nada difícil-% de N columnas,B4-K-Poco difícil-Recuento,B4-K-Poco difícil-% del N de fila,B4-K-Poco difícil-% de N columnas,B4-K-Difícil-Recuento,B4-K-Difícil-% del N de fila,B4-K-Difícil-% de N columnas,B4-K-Muy difícil-Recuento,B4-K-Muy difícil-% del N de fila,B4-K-Muy difícil-% de N columnas
AGUASCALIENTES,6.000,0.033,0.036,62.000,0.341,0.043,101.000,0.555,0.047,13.000,0.071,0.027,6.000,0.033,0.025,62.000,0.341,0.050,81.000,0.445,0.039,33.000,0.181,0.047,39.000,0.214,0.042,84.000,0.462,0.048,53.000,0.291,0.041,6.000,0.033,0.022,7.000,0.038,0.046,30.000,0.165,0.036,105.000,0.577,0.045,40.000,0.220,0.044,25.000,0.137,0.033,53.000,0.291,0.033,89.000,0.489,0.056,15.000,0.082,0.053,11.000,0.060,0.063,43.000,0.236,0.041,104.000,0.571,0.045,24.000,0.132,0.035,7.000,0.038,0.045,60.000,0.330,0.044,100.000,0.549,0.042,15.000,0.082,0.039,14.000,0.077,0.043,45.000,0.247,0.037,93.000,0.511,0.045,30.000,0.165,0.046,10.000,0.055,0.050,52.000,0.286,0.045,93.000,0.511,0.043,27.000,0.148,0.037,4.000,0.022,0.031,34.000,0.187,0.042,106.000,0.582,0.043,38.000,0.209,0.045,9.000,0.049,0.062,41.000,0.225,0.043,99.000,0.544,0.041,33.000,0.181,0.045
BAJA CALIFORNIA,2.000,0.045,0.012,15.000,0.341,0.010,21.000,0.477,0.010,6.000,0.136,0.012,1.000,0.023,0.004,15.000,0.341,0.012,19.000,0.432,0.009,9.000,0.205,0.013,10.000,0.227,0.011,19.000,0.432,0.011,10.000,0.227,0.008,5.000,0.114,0.019,0.000,0.000,0.000,8.000,0.182,0.010,24.000,0.545,0.010,12.000,0.273,0.013,9.000,0.205,0.012,17.000,0.386,0.011,15.000,0.341,0.009,3.000,0.068,0.011,2.000,0.045,0.011,17.000,0.386,0.016,18.000,0.409,0.008,7.000,0.159,0.010,1.000,0.023,0.006,19.000,0.432,0.014,19.000,0.432,0.008,5.000,0.114,0.013,5.000,0.114,0.016,18.000,0.409,0.015,16.000,0.364,0.008,5.000,0.114,0.008,0.000,0.000,0.000,16.000,0.364,0.014,22.000,0.500,0.010,6.000,0.136,0.008,1.000,0.023,0.008,12.000,0.273,0.015,21.000,0.477,0.009,10.000,0.227,0.012,1.000,0.023,0.007,13.000,0.295,0.014,22.000,0.500,0.009,8.000,0.182,0.011
BAJA CALIFORNIA SUR,7.000,0.038,0.041,65.000,0.353,0.045,88.000,0.478,0.041,24.000,0.130,0.049,14.000,0.076,0.058,54.000,0.293,0.043,87.000,0.473,0.042,29.000,0.158,0.041,54.000,0.293,0.058,80.000,0.435,0.046,44.000,0.239,0.034,6.000,0.033,0.022,7.000,0.038,0.046,37.000,0.201,0.045,102.000,0.554,0.043,38.000,0.207,0.041,39.000,0.212,0.052,78.000,0.424,0.048,53.000,0.288,0.033,14.000,0.076,0.050,9.000,0.049,0.051,54.000,0.293,0.051,94.000,0.511,0.040,27.000,0.147,0.039,9.000,0.049,0.058,55.000,0.299,0.041,109.000,0.592,0.046,11.000,0.060,0.029,26.000,0.141,0.081,57.000,0.310,0.046,74.000,0.402,0.036,27.000,0.147,0.041,14.000,0.076,0.070,46.000,0.250,0.039,88.000,0.478,0.041,36.000,0.196,0.049,5.000,0.027,0.039,35.000,0.190,0.043,105.000,0.571,0.043,39.000,0.212,0.046,6.000,0.033,0.041,39.000,0.212,0.041,109.000,0.592,0.045,30.000,0.163,0.041
CAMPECHE,9.000,0.078,0.053,41.000,0.353,0.029,52.000,0.448,0.024,14.000,0.121,0.029,5.000,0.043,0.021,35.000,0.302,0.028,57.000,0.491,0.028,19.000,0.164,0.027,25.000,0.216,0.027,41.000,0.353,0.023,39.000,0.336,0.030,11.000,0.095,0.041,3.000,0.026,0.020,16.000,0.138,0.019,68.000,0.586,0.029,29.000,0.250,0.032,26.000,0.224,0.034,52.000,0.448,0.032,35.000,0.302,0.022,3.000,0.026,0.011,4.000,0.034,0.023,26.000,0.224,0.025,62.000,0.534,0.027,24.000,0.207,0.035,6.000,0.052,0.039,34.000,0.293,0.025,65.000,0.560,0.028,11.000,0.095,0.029,8.000,0.069,0.025,30.000,0.259,0.024,55.000,0.474,0.027,23.000,0.198,0.035,3.000,0.026,0.015,35.000,0.302,0.030,50.000,0.431,0.023,28.000,0.241,0.038,7.000,0.060,0.054,20.000,0.172,0.025,65.000,0.560,0.026,24.000,0.207,0.028,5.000,0.043,0.034,19.000,0.164,0.020,73.000,0.629,0.030,19.000,0.164,0.026
CHIAPAS,3.000,0.038,0.018,30.000,0.385,0.021,36.000,0.462,0.017,9.000,0.115,0.018,4.000,0.051,0.017,21.000,0.269,0.017,44.000,0.564,0.021,9.000,0.115,0.013,16.000,0.205,0.017,31.000,0.397,0.018,25.000,0.321,0.019,6.000,0.077,0.022,2.000,0.026,0.013,21.000,0.269,0.025,40.000,0.513,0.017,15.000,0.192,0.016,16.000,0.205,0.021,32.000,0.410,0.020,26.000,0.333,0.016,4.000,0.051,0.014,2.000,0.026,0.011,18.000,0.231,0.017,42.000,0.538,0.018,16.000,0.205,0.023,2.000,0.026,0.013,24.000,0.308,0.018,49.000,0.628,0.021,3.000,0.038,0.008,3.000,0.038,0.009,20.000,0.256,0.016,45.000,0.577,0.022,10.000,0.128,0.015,2.000,0.026,0.010,19.000,0.244,0.016,48.000,0.615,0.022,9.000,0.115,0.012,3.000,0.038,0.023,15.000,0.192,0.018,48.000,0.615,0.019,12.000,0.154,0.014,1.000,0.013,0.007,17.000,0.218,0.018,48.000,0.615,0.020,12.000,0.154,0.016
CHIHUAHUA,8.000,0.044,0.047,73.000,0.406,0.051,83.000,0.461,0.038,16.000,0.089,0.033,9.000,0.050,0.038,61.000,0.339,0.049,83.000,0.461,0.040,27.000,0.150,0.038,57.000,0.317,0.061,65.000,0.361,0.037,53.000,0.294,0.041,5.000,0.028,0.019,8.000,0.044,0.053,39.000,0.217,0.047,90.000,0.500,0.038,43.000,0.239,0.047,40.000,0.222,0.053,59.000,0.328,0.037,72.000,0.400,0.045,9.000,0.050,0.032,7.000,0.039,0.040,50.000,0.278,0.047,91.000,0.506,0.039,32.000,0.178,0.047,7.000,0.039,0.045,61.000,0.339,0.045,94.000,0.522,0.040,18.000,0.100,0.047,10.000,0.056,0.031,55.000,0.306,0.045,83.000,0.461,0.040,32.000,0.178,0.049,9.000,0.050,0.045,57.000,0.317,0.049,79.000,0.439,0.037,35.000,0.194,0.047,6.000,0.033,0.047,44.000,0.244,0.054,99.000,0.550,0.040,31.000,0.172,0.037,7.000,0.039,0.048,48.000,0.267,0.050,96.000,0.533,0.040,29.000,0.161,0.040
CIUDAD DE MÉXICO,7.000,0.041,0.041,64.000,0.376,0.045,73.000,0.429,0.034,26.000,0.153,0.053,13.000,0.076,0.054,55.000,0.324,0.044,75.000,0.441,0.036,27.000,0.159,0.038,55.000,0.324,0.059,74.000,0.435,0.042,37.000,0.218,0.028,4.000,0.024,0.015,7.000,0.041,0.046,39.000,0.229,0.047,92.000,0.541,0.039,32.000,0.188,0.035,25.000,0.147,0.033,68.000,0.400,0.042,60.000,0.353,0.038,17.000,0.100,0.060,10.000,0.059,0.057,41.000,0.241,0.039,91.000,0.535,0.039,28.000,0.165,0.041,7.000,0.041,0.045,60.000,0.353,0.044,87.000,0.512,0.037,16.000,0.094,0.042,22.000,0.129,0.068,54.000,0.318,0.044,76.000,0.447,0.037,18.000,0.106,0.028,5.000,0.029,0.025,56.000,0.329,0.048,78.000,0.459,0.036,31.000,0.182,0.042,3.000,0.018,0.023,43.000,0.253,0.053,96.000,0.565,0.039,28.000,0.165,0.033,3.000,0.018,0.021,53.000,0.312,0.055,91.000,0.535,0.038,23.000,0.135,0.031
COAHUILA,4.000,0.047,0.024,19.000,0.221,0.013,51.000,0.593,0.024,12.000,0.140,0.025,2.000,0.023,0.008,26.000,0.302,0.021,42.000,0.488,0.020,16.000,0.186,0.023,19.000,0.221,0.020,37.000,0.430,0.021,21.000,0.244,0.016,9.000,0.105,0.033,3.000,0.035,0.020,15.000,0.174,0.018,45.000,0.523,0.019,23.000,0.267,0.025,13.000,0.151,0.017,27.000,0.314,0.017,37.000,0.430,0.023,9.000,0.105,0.032,1.000,0.012,0.006,22.000,0.256,0.021,40.000,0.465,0.017,23.000,0.267,0.034,4.000,0.047,0.026,21.000,0.244,0.016,50.000,0.581,0.021,11.000,0.128,0.029,6.000,0.070,0.019,27.000,0.314,0.022,35.000,0.407,0.017,18.000,0.209,0.028,6.000,0.070,0.030,21.000,0.244,0.018,39.000,0.453,0.018,20.000,0.233,0.027,2.000,0.023,0.016,16.000,0.186,0.020,48.000,0.558,0.019,20.000,0.233,0.024,2.000,0.023,0.014,23.000,0.267,0.024,42.000,0.488,0.017,19.000,0.221,0.026
COLIMA,4.000,0.025,0.024,45.000,0.283,0.031,84.000,0.528,0.039,26.000,0.164,0.053,10.000,0.063,0.042,42.000,0.264,0.034,70.000,0.440,0.034,37.000,0.233,0.053,40.000,0.252,0.043,63.000,0.396,0.036,42.000,0.264,0.032,14.000,0.088,0.052,6.000,0.038,0.040,28.000,0.176,0.034,87.000,0.547,0.037,38.000,0.239,0.041,39.000,0.245,0.052,57.000,0.358,0.035,53.000,0.333,0.033,10.000,0.063,0.035,11.000,0.069,0.063,43.000,0.270,0.041,78.000,0.491,0.033,27.000,0.170,0.039,5.000,0.031,0.032,57.000,0.358,0.042,77.000,0.484,0.033,20.000,0.126,0.052,12.000,0.075,0.037,51.000,0.321,0.042,70.000,0.440,0.034,26.000,0.164,0.040,9.000,0.057,0.045,37.000,0.233,0.032,79.000,0.497,0.037,34.000,0.214,0.046,5.000,0.031,0.039,18.000,0.113,0.022,86.000,0.541,0.035,50.000,0.314,0.059,6.000,0.038,0.041,25.000,0.157,0.026,83.000,0.522,0.034,45.000,0.283,0.061
DURANGO,12.000,0.074,0.071,51.000,0.315,0.036,87.000,0.537,0.040,12.000,0.074,0.025,10.000,0.062,0.042,50.000,0.309,0.040,83.000,0.512,0.040,19.000,0.117,0.027,42.000,0.259,0.045,60.000,0.370,0.034,52.000,0.321,0.040,8.000,0.049,0.030,9.000,0.056,0.060,31.000,0.191,0.038,90.000,0.556,0.038,32.000,0.198,0.035,25.000,0.154,0.033,63.000,0.389,0.039,60.000,0.370,0.038,14.000,0.086,0.050,7.000,0.043,0.040,40.000,0.247,0.038,88.000,0.543,0.038,27.000,0.167,0.039,6.000,0.037,0.039,51.000,0.315,0.038,93.000,0.574,0.039,12.000,0.074,0.031,8.000,0.049,0.025,42.000,0.259,0.034,79.000,0.488,0.038,33.000,0.204,0.051,9.000,0.056,0.045,48.000,0.296,0.041,85.000,0.525,0.040,20.000,0.123,0.027,8.000,0.049,0.062,39.000,0.241,0.048,88.000,0.543,0.036,27.000,0.167,0.032,8.000,0.049,0.055,45.000,0.278,0.047,85.000,0.525,0.035,24.000,0.148,0.033
ESTADO DE MÉXICO,7.000,0.043,0.041,55.000,0.342,0.038,83.000,0.516,0.038,16.000,0.099,0.033,9.000,0.056,0.038,53.000,0.329,0.042,78.000,0.484,0.038,21.000,0.130,0.030,43.000,0.267,0.046,73.000,0.453,0.042,42.000,0.261,0.032,3.000,0.019,0.011,3.000,0.019,0.020,36.000,0.224,0.044,97.000,0.602,0.041,25.000,0.155,0.027,26.000,0.161,0.034,61.000,0.379,0.038,66.000,0.410,0.041,8.000,0.050,0.028,8.000,0.050,0.046,34.000,0.211,0.032,95.000,0.590,0.041,24.000,0.149,0.035,6.000,0.037,0.039,54.000,0.335,0.040,96.000,0.596,0.041,5.000,0.031,0.013,15.000,0.093,0.047,53.000,0.329,0.043,80.000,0.497,0.039,13.000,0.081,0.020,9.000,0.056,0.045,47.000,0.292,0.040,88.000,0.547,0.041,17.000,0.106,0.023,2.000,0.012,0.016,33.000,0.205,0.041,101.000,0.627,0.041,25.000,0.155,0.030,3.000,0.019,0.021,34.000,0.211,0.035,96.000,0.596,0.040,28.000,0.174,0.038
GUANAJUATO,6.000,0.036,0.036,44.000,0.262,0.031,95.000,0.565,0.044,23.000,0.137,0.047,5.000,0.030,0.021,47.000,0.280,0.038,92.000,0.548,0.045,24.000,0.143,0.034,44.000,0.262,0.047,67.000,0.399,0.038,40.000,0.238,0.031,17.000,0.101,0.063,8.000,0.048,0.053,30.000,0.179,0.036,94.000,0.560,0.040,36.000,0.214,0.039,26.000,0.155,0.034,62.000,0.369,0.038,69.000,0.411,0.043,11.000,0.065,0.039,3.000,0.018,0.017,49.000,0.292,0.046,90.000,0.536,0.039,26.000,0.155,0.038,8.000,0.048,0.052,52.000,0.310,0.038,95.000,0.565,0.040,13.000,0.077,0.034,15.000,0.089,0.047,43.000,0.256,0.035,88.000,0.524,0.043,22.000,0.131,0.034,7.000,0.042,0.035,42.000,0.250,0.036,88.000,0.524,0.041,31.000,0.185,0.042,6.000,0.036,0.047,23.000,0.137,0.028,98.000,0.583,0.040,41.000,0.244,0.048,7.000,0.042,0.048,36.000,0.214,0.037,94.000,0.560,0.039,31.000,0.185,0.042
GUERRERO,2.000,0.048,0.012,9.000,0.214,0.006,28.000,0.667,0.013,3.000,0.071,0.006,2.000,0.048,0.008,8.000,0.190,0.006,26.000,0.619,0.013,6.000,0.143,0.009,5.000,0.119,0.005,14.000,0.333,0.008,20.000,0.476,0.015,3.000,0.071,0.011,0.000,0.000,0.000,7.000,0.167,0.008,27.000,0.643,0.011,8.000,0.190,0.009,6.000,0.143,0.008,20.000,0.476,0.012,13.000,0.310,0.008,3.000,0.071,0.011,2.000,0.048,0.011,6.000,0.143,0.006,28.000,0.667,0.012,6.000,0.143,0.009,2.000,0.048,0.013,6.000,0.143,0.004,28.000,0.667,0.012,6.000,0.143,0.016,2.000,0.048,0.006,9.000,0.214,0.007,22.000,0.524,0.011,9.000,0.214,0.014,1.000,0.024,0.005,7.000,0.167,0.006,27.000,0.643,0.013,7.000,0.167,0.009,1.000,0.024,0.008,5.000,0.119,0.006,28.000,0.667,0.011,8.000,0.190,0.009,1.000,0.024,0.007,6.000,0.143,0.006,29.000,0.690,0.012,6.000,0.143,0.008
HIDALGO,7.000,0.045,0.041,51.000,0.329,0.036,83.000,0.535,0.038,14.000,0.090,0.029,10.000,0.065,0.042,44.000,0.284,0.035,77.000,0.497,0.037,24.000,0.155,0.034,27.000,0.174,0.029,60.000,0.387,0.034,52.000,0.335,0.040,16.000,0.103,0.059,6.000,0.039,0.040,21.000,0.135,0.025,88.000,0.568,0.037,40.000,0.258,0.044,19.000,0.123,0.025,50.000,0.323,0.031,68.000,0.439,0.043,18.000,0.116,0.064,2.000,0.013,0.011,35.000,0.226,0.033,91.000,0.587,0.039,27.000,0.174,0.039,1.000,0.006,0.006,60.000,0.387,0.044,78.000,0.503,0.033,16.000,0.103,0.042,7.000,0.045,0.022,37.000,0.239,0.030,84.000,0.542,0.041,27.000,0.174,0.041,8.000,0.052,0.040,41.000,0.265,0.035,82.000,0.529,0.038,24.000,0.155,0.033,3.000,0.019,0.023,33.000,0.213,0.041,86.000,0.555,0.035,33.000,0.213,0.039,4.000,0.026,0.027,40.000,0.258,0.042,82.000,0.529,0.034,29.000,0.187,0.040
JALISCO,9.000,0.067,0.053,51.000,0.378,0.036,65.000,0.481,0.030,10.000,0.074,0.020,14.000,0.104,0.058,47.000,0.348,0.038,53.000,0.393,0.026,21.000,0.156,0.030,35.000,0.259,0.038,65.000,0.481,0.037,29.000,0.215,0.022,6.000,0.044,0.022,7.000,0.052,0.046,30.000,0.222,0.036,68.000,0.504,0.029,30.000,0.222,0.033,23.000,0.170,0.030,52.000,0.385,0.032,50.000,0.370,0.031,10.000,0.074,0.035,7.000,0.052,0.040,42.000,0.311,0.040,65.000,0.481,0.028,21.000,0.156,0.031,6.000,0.044,0.039,43.000,0.319,0.032,79.000,0.585,0.033,7.000,0.052,0.018,14.000,0.104,0.043,49.000,0.363,0.040,56.000,0.415,0.027,16.000,0.119,0.025,8.000,0.059,0.040,45.000,0.333,0.039,60.000,0.444,0.028,22.000,0.163,0.030,3.000,0.022,0.023,27.000,0.200,0.033,83.000,0.615,0.034,22.000,0.163,0.026,5.000,0.037,0.034,36.000,0.267,0.037,74.000,0.548,0.031,20.000,0.148,0.027
MICHOACÁN,0.000,0.000,0.000,7.000,0.212,0.005,23.000,0.697,0.011,3.000,0.091,0.006,2.000,0.061,0.008,8.000,0.242,0.006,14.000,0.424,0.007,9.000,0.273,0.013,4.000,0.121,0.004,12.000,0.364,0.007,17.000,0.515,0.013,0.000,0.000,0.000,1.000,0.030,0.007,3.000,0.091,0.004,22.000,0.667,0.009,7.000,0.212,0.008,7.000,0.212,0.009,15.000,0.455,0.009,11.000,0.333,0.007,0.000,0.000,0.000,1.000,0.030,0.006,10.000,0.303,0.009,16.000,0.485,0.007,6.000,0.182,0.009,1.000,0.030,0.006,5.000,0.152,0.004,22.000,0.667,0.009,5.000,0.152,0.013,0.000,0.000,0.000,12.000,0.364,0.010,17.000,0.515,0.008,4.000,0.121,0.006,1.000,0.030,0.005,5.000,0.152,0.004,17.000,0.515,0.008,10.000,0.303,0.014,1.000,0.030,0.008,6.000,0.182,0.007,24.000,0.727,0.010,2.000,0.061,0.002,1.000,0.030,0.007,5.000,0.152,0.005,26.000,0.788,0.011,1.000,0.030,0.001
MORELOS,8.000,0.045,0.047,62.000,0.350,0.043,91.000,0.514,0.042,16.000,0.090,0.033,12.000,0.068,0.050,57.000,0.322,0.046,77.000,0.435,0.037,31.000,0.175,0.044,30.000,0.169,0.032,83.000,0.469,0.047,56.000,0.316,0.043,8.000,0.045,0.030,8.000,0.045,0.053,29.000,0.164,0.035,96.000,0.542,0.041,44.000,0.249,0.048,32.000,0.181,0.042,67.000,0.379,0.042,63.000,0.356,0.039,15.000,0.085,0.053,8.000,0.045,0.046,48.000,0.271,0.045,83.000,0.469,0.036,38.000,0.215,0.055,9.000,0.051,0.058,52.000,0.294,0.038,101.000,0.571,0.043,15.000,0.085,0.039,18.000,0.102,0.056,55.000,0.311,0.045,79.000,0.446,0.038,25.000,0.141,0.038,7.000,0.040,0.035,49.000,0.277,0.042,96.000,0.542,0.045,25.000,0.141,0.034,7.000,0.040,0.054,40.000,0.226,0.049,96.000,0.542,0.039,34.000,0.192,0.040,7.000,0.040,0.048,43.000,0.243,0.045,93.000,0.525,0.039,34.000,0.192,0.046
NAYARIT,2.000,0.013,0.012,50.000,0.331,0.035,79.000,0.523,0.037,20.000,0.132,0.041,12.000,0.079,0.050,41.000,0.272,0.033,74.000,0.490,0.036,24.000,0.159,0.034,30.000,0.199,0.032,56.000,0.371,0.032,54.000,0.358,0.041,11.000,0.073,0.041,6.000,0.040,0.040,29.000,0.192,0.035,81.000,0.536,0.034,35.000,0.232,0.038,28.000,0.185,0.037,51.000,0.338,0.032,64.000,0.424,0.040,8.000,0.053,0.028,3.000,0.020,0.017,38.000,0.252,0.036,92.000,0.609,0.039,18.000,0.119,0.026,4.000,0.026,0.026,46.000,0.305,0.034,86.000,0.570,0.036,15.000,0.099,0.039,9.000,0.060,0.028,29.000,0.192,0.024,82.000,0.543,0.040,31.000,0.205,0.048,5.000,0.033,0.025,36.000,0.238,0.031,76.000,0.503,0.035,34.000,0.225,0.046,3.000,0.020,0.023,37.000,0.245,0.045,85.000,0.563,0.035,26.000,0.172,0.031,4.000,0.026,0.027,37.000,0.245,0.038,88.000,0.583,0.037,22.000,0.146,0.030
NUEVO LEÓN,2.000,0.065,0.012,10.000,0.323,0.007,15.000,0.484,0.007,4.000,0.129,0.008,3.000,0.097,0.013,8.000,0.258,0.006,15.000,0.484,0.007,5.000,0.161,0.007,9.000,0.290,0.010,11.000,0.355,0.006,9.000,0.290,0.007,2.000,0.065,0.007,1.000,0.032,0.007,9.000,0.290,0.011,17.000,0.548,0.007,4.000,0.129,0.004,5.000,0.161,0.007,11.000,0.355,0.007,14.000,0.452,0.009,1.000,0.032,0.004,0.000,0.000,0.000,11.000,0.355,0.010,19.000,0.613,0.008,1.000,0.032,0.001,0.000,0.000,0.000,11.000,0.355,0.008,16.000,0.516,0.007,4.000,0.129,0.010,2.000,0.065,0.006,7.000,0.226,0.006,15.000,0.484,0.007,7.000,0.226,0.011,1.000,0.032,0.005,6.000,0.194,0.005,18.000,0.581,0.008,6.000,0.194,0.008,2.000,0.065,0.016,4.000,0.129,0.005,18.000,0.581,0.007,7.000,0.226,0.008,1.000,0.032,0.007,6.000,0.194,0.006,18.000,0.581,0.007,6.000,0.194,0.008
PUEBLA,4.000,0.030,0.024,42.000,0.316,0.029,78.000,0.586,0.036,9.000,0.068,0.018,3.000,0.023,0.013,35.000,0.263,0.028,70.000,0.526,0.034,25.000,0.188,0.036,30.000,0.226,0.032,52.000,0.391,0.030,42.000,0.316,0.032,9.000,0.068,0.033,3.000,0.023,0.020,27.000,0.203,0.033,82.000,0.617,0.035,21.000,0.158,0.023,23.000,0.173,0.030,46.000,0.346,0.029,57.000,0.429,0.036,7.000,0.053,0.025,2.000,0.015,0.011,28.000,0.211,0.026,86.000,0.647,0.037,17.000,0.128,0.025,1.000,0.008,0.006,47.000,0.353,0.035,76.000,0.571,0.032,9.000,0.068,0.023,11.000,0.083,0.034,30.000,0.226,0.024,79.000,0.594,0.038,13.000,0.098,0.020,6.000,0.045,0.030,41.000,0.308,0.035,70.000,0.526,0.033,16.000,0.120,0.022,2.000,0.015,0.016,22.000,0.165,0.027,89.000,0.669,0.036,20.000,0.150,0.024,3.000,0.023,0.021,31.000,0.233,0.032,82.000,0.617,0.034,17.000,0.128,0.023
QUERÉTARO,9.000,0.047,0.053,80.000,0.419,0.056,86.000,0.450,0.040,16.000,0.084,0.033,14.000,0.073,0.058,60.000,0.314,0.048,94.000,0.492,0.046,23.000,0.120,0.033,52.000,0.272,0.056,79.000,0.414,0.045,47.000,0.246,0.036,13.000,0.068,0.048,10.000,0.052,0.066,45.000,0.236,0.055,101.000,0.529,0.043,35.000,0.183,0.038,46.000,0.241,0.061,80.000,0.419,0.050,55.000,0.288,0.034,10.000,0.052,0.035,10.000,0.052,0.057,62.000,0.325,0.059,95.000,0.497,0.041,24.000,0.126,0.035,6.000,0.031,0.039,80.000,0.419,0.059,85.000,0.445,0.036,20.000,0.105,0.052,25.000,0.131,0.078,73.000,0.382,0.059,73.000,0.382,0.036,20.000,0.105,0.031,16.000,0.084,0.080,73.000,0.382,0.063,77.000,0.403,0.036,25.000,0.131,0.034,9.000,0.047,0.070,47.000,0.246,0.058,109.000,0.571,0.044,26.000,0.136,0.031,14.000,0.073,0.096,54.000,0.283,0.056,104.000,0.545,0.043,19.000,0.099,0.026
QUINTANA ROO,5.000,0.029,0.030,49.000,0.288,0.034,94.000,0.553,0.043,22.000,0.129,0.045,6.000,0.035,0.025,38.000,0.224,0.030,93.000,0.547,0.045,33.000,0.194,0.047,28.000,0.165,0.030,76.000,0.447,0.043,53.000,0.312,0.041,13.000,0.076,0.048,4.000,0.024,0.026,26.000,0.153,0.032,92.000,0.541,0.039,48.000,0.282,0.052,26.000,0.153,0.034,65.000,0.382,0.040,67.000,0.394,0.042,12.000,0.071,0.043,3.000,0.018,0.017,41.000,0.241,0.039,91.000,0.535,0.039,35.000,0.206,0.051,5.000,0.029,0.032,41.000,0.241,0.030,103.000,0.606,0.044,21.000,0.124,0.055,11.000,0.065,0.034,47.000,0.276,0.038,75.000,0.441,0.037,37.000,0.218,0.057,4.000,0.024,0.020,35.000,0.206,0.030,94.000,0.553,0.044,37.000,0.218,0.050,4.000,0.024,0.031,31.000,0.182,0.038,96.000,0.565,0.039,39.000,0.229,0.046,3.000,0.018,0.021,31.000,0.182,0.032,103.000,0.606,0.043,33.000,0.194,0.045
SAN LUIS POTOSÍ,6.000,0.036,0.036,56.000,0.331,0.039,84.000,0.497,0.039,23.000,0.136,0.047,12.000,0.071,0.050,48.000,0.284,0.038,81.000,0.479,0.039,28.000,0.166,0.040,21.000,0.124,0.023,59.000,0.349,0.034,78.000,0.462,0.060,11.000,0.065,0.041,5.000,0.030,0.033,32.000,0.189,0.039,99.000,0.586,0.042,33.000,0.195,0.036,28.000,0.166,0.037,58.000,0.343,0.036,71.000,0.420,0.044,12.000,0.071,0.043,9.000,0.053,0.051,33.000,0.195,0.031,92.000,0.544,0.039,35.000,0.207,0.051,10.000,0.059,0.065,49.000,0.290,0.036,92.000,0.544,0.039,18.000,0.107,0.047,12.000,0.071,0.037,45.000,0.266,0.037,81.000,0.479,0.039,31.000,0.183,0.048,11.000,0.065,0.055,40.000,0.237,0.034,87.000,0.515,0.041,31.000,0.183,0.042,9.000,0.053,0.070,26.000,0.154,0.032,102.000,0.604,0.041,32.000,0.189,0.038,9.000,0.053,0.062,32.000,0.189,0.033,96.000,0.568,0.040,32.000,0.189,0.044
SINALOA,7.000,0.037,0.041,51.000,0.267,0.036,98.000,0.513,0.045,35.000,0.183,0.072,11.000,0.058,0.046,38.000,0.199,0.030,98.000,0.513,0.048,44.000,0.230,0.063,24.000,0.126,0.026,74.000,0.387,0.042,75.000,0.393,0.058,18.000,0.094,0.067,3.000,0.016,0.020,28.000,0.147,0.034,99.000,0.518,0.042,61.000,0.319,0.066,28.000,0.147,0.037,67.000,0.351,0.042,81.000,0.424,0.051,15.000,0.079,0.053,3.000,0.016,0.017,37.000,0.194,0.035,111.000,0.581,0.048,40.000,0.209,0.058,2.000,0.010,0.013,48.000,0.251,0.035,113.000,0.592,0.048,28.000,0.147,0.073,4.000,0.021,0.012,49.000,0.257,0.040,95.000,0.497,0.046,43.000,0.225,0.066,6.000,0.031,0.030,35.000,0.183,0.030,104.000,0.545,0.048,46.000,0.241,0.062,6.000,0.031,0.047,27.000,0.141,0.033,103.000,0.539,0.042,55.000,0.288,0.065,7.000,0.037,0.048,36.000,0.188,0.037,99.000,0.518,0.041,49.000,0.257,0.067
SONORA,3.000,0.020,0.018,40.000,0.272,0.028,72.000,0.490,0.033,32.000,0.218,0.066,6.000,0.041,0.025,34.000,0.231,0.027,69.000,0.469,0.034,38.000,0.259,0.054,32.000,0.218,0.034,62.000,0.422,0.035,44.000,0.299,0.034,9.000,0.061,0.033,9.000,0.061,0.060,28.000,0.190,0.034,78.000,0.531,0.033,32.000,0.218,0.035,36.000,0.245,0.048,56.000,0.381,0.035,49.000,0.333,0.031,6.000,0.041,0.021,13.000,0.088,0.074,26.000,0.177,0.025,88.000,0.599,0.038,20.000,0.136,0.029,12.000,0.082,0.078,38.000,0.259,0.028,87.000,0.592,0.037,10.000,0.068,0.026,13.000,0.088,0.040,42.000,0.286,0.034,67.000,0.456,0.033,25.000,0.170,0.038,11.000,0.075,0.055,30.000,0.204,0.026,79.000,0.537,0.037,27.000,0.184,0.037,4.000,0.027,0.031,21.000,0.143,0.026,88.000,0.599,0.036,34.000,0.231,0.040,3.000,0.020,0.021,23.000,0.156,0.024,88.000,0.599,0.037,33.000,0.224,0.045
TABASCO,4.000,0.031,0.024,45.000,0.346,0.031,67.000,0.515,0.031,14.000,0.108,0.029,7.000,0.054,0.029,40.000,0.308,0.032,58.000,0.446,0.028,25.000,0.192,0.036,21.000,0.162,0.023,49.000,0.377,0.028,49.000,0.377,0.038,11.000,0.085,0.041,4.000,0.031,0.026,28.000,0.215,0.034,73.000,0.562,0.031,25.000,0.192,0.027,23.000,0.177,0.030,60.000,0.462,0.037,41.000,0.315,0.026,6.000,0.046,0.021,6.000,0.046,0.034,33.000,0.254,0.031,77.000,0.592,0.033,14.000,0.108,0.020,6.000,0.046,0.039,41.000,0.315,0.030,70.000,0.538,0.030,13.000,0.100,0.034,7.000,0.054,0.022,40.000,0.308,0.033,62.000,0.477,0.030,21.000,0.162,0.032,8.000,0.062,0.040,37.000,0.285,0.032,59.000,0.454,0.027,26.000,0.200,0.035,5.000,0.038,0.039,21.000,0.162,0.026,70.000,0.538,0.028,34.000,0.262,0.040,3.000,0.023,0.021,23.000,0.177,0.024,77.000,0.592,0.032,27.000,0.208,0.037
TAMAULIPAS,2.000,0.013,0.012,48.000,0.320,0.034,77.000,0.513,0.036,23.000,0.153,0.047,3.000,0.020,0.013,30.000,0.200,0.024,80.000,0.533,0.039,37.000,0.247,0.053,17.000,0.113,0.018,57.000,0.380,0.033,59.000,0.393,0.045,17.000,0.113,0.063,1.000,0.007,0.007,24.000,0.160,0.029,86.000,0.573,0.036,39.000,0.260,0.042,14.000,0.093,0.018,57.000,0.380,0.035,65.000,0.433,0.041,14.000,0.093,0.050,2.000,0.013,0.011,29.000,0.193,0.027,88.000,0.587,0.038,31.000,0.207,0.045,3.000,0.020,0.019,40.000,0.267,0.030,87.000,0.580,0.037,20.000,0.133,0.052,7.000,0.047,0.022,34.000,0.227,0.028,82.000,0.547,0.040,27.000,0.180,0.041,3.000,0.020,0.015,30.000,0.200,0.026,84.000,0.560,0.039,33.000,0.220,0.045,2.000,0.013,0.016,19.000,0.127,0.023,93.000,0.620,0.038,36.000,0.240,0.043,2.000,0.013,0.014,26.000,0.173,0.027,92.000,0.613,0.038,30.000,0.200,0.041
TLAXCALA,6.000,0.038,0.036,63.000,0.401,0.044,78.000,0.497,0.036,10.000,0.064,0.020,10.000,0.064,0.042,55.000,0.350,0.044,77.000,0.490,0.037,15.000,0.096,0.021,37.000,0.236,0.040,70.000,0.446,0.040,40.000,0.255,0.031,10.000,0.064,0.037,5.000,0.032,0.033,34.000,0.217,0.041,98.000,0.624,0.042,20.000,0.127,0.022,22.000,0.140,0.029,77.000,0.490,0.048,48.000,0.306,0.030,10.000,0.064,0.035,8.000,0.051,0.046,34.000,0.217,0.032,94.000,0.599,0.040,21.000,0.134,0.031,7.000,0.045,0.045,57.000,0.363,0.042,82.000,0.522,0.035,11.000,0.070,0.029,12.000,0.076,0.037,46.000,0.293,0.037,81.000,0.516,0.039,18.000,0.115,0.028,7.000,0.045,0.035,49.000,0.312,0.042,81.000,0.516,0.038,20.000,0.127,0.027,5.000,0.032,0.039,27.000,0.172,0.033,100.000,0.637,0.041,25.000,0.159,0.030,7.000,0.045,0.048,32.000,0.204,0.033,100.000,0.637,0.041,18.000,0.115,0.025
VERACRUZ,6.000,0.054,0.036,40.000,0.357,0.028,58.000,0.518,0.027,8.000,0.071,0.016,8.000,0.071,0.033,32.000,0.286,0.026,60.000,0.536,0.029,12.000,0.107,0.017,17.000,0.152,0.018,57.000,0.509,0.033,32.000,0.286,0.025,6.000,0.054,0.022,2.000,0.018,0.013,30.000,0.268,0.036,56.000,0.500,0.024,24.000,0.214,0.026,10.000,0.089,0.013,44.000,0.393,0.027,51.000,0.455,0.032,7.000,0.063,0.025,3.000,0.027,0.017,27.000,0.241,0.026,66.000,0.589,0.028,16.000,0.143,0.023,2.000,0.018,0.013,33.000,0.295,0.024,70.000,0.625,0.030,7.000,0.063,0.018,3.000,0.027,0.009,38.000,0.339,0.031,62.000,0.554,0.030,9.000,0.080,0.014,3.000,0.027,0.015,39.000,0.348,0.033,53.000,0.473,0.025,17.000,0.152,0.023,1.000,0.009,0.008,20.000,0.179,0.025,72.000,0.643,0.029,19.000,0.170,0.022,2.000,0.018,0.014,21.000,0.188,0.022,73.000,0.652,0.030,16.000,0.143,0.022
YUCATÁN,3.000,0.030,0.018,33.000,0.327,0.023,49.000,0.485,0.023,16.000,0.158,0.033,7.000,0.069,0.029,28.000,0.277,0.022,49.000,0.485,0.024,17.000,0.168,0.024,21.000,0.208,0.023,40.000,0.396,0.023,33.000,0.327,0.025,7.000,0.069,0.026,5.000,0.050,0.033,9.000,0.089,0.011,67.000,0.663,0.028,20.000,0.198,0.022,21.000,0.208,0.028,38.000,0.376,0.024,35.000,0.347,0.022,7.000,0.069,0.025,4.000,0.040,0.023,25.000,0.248,0.024,59.000,0.584,0.025,13.000,0.129,0.019,2.000,0.020,0.013,35.000,0.347,0.026,53.000,0.525,0.022,11.000,0.109,0.029,6.000,0.059,0.019,30.000,0.297,0.024,53.000,0.525,0.026,12.000,0.119,0.018,3.000,0.030,0.015,32.000,0.317,0.027,50.000,0.495,0.023,16.000,0.158,0.022,2.000,0.020,0.016,17.000,0.168,0.021,58.000,0.574,0.024,24.000,0.238,0.028,4.000,0.040,0.027,23.000,0.228,0.024,55.000,0.545,0.023,19.000,0.188,0.026
ZACATECAS,9.000,0.048,0.053,80.000,0.428,0.056,85.000,0.455,0.039,13.000,0.070,0.027,10.000,0.053,0.042,78.000,0.417,0.062,82.000,0.439,0.040,17.000,0.091,0.024,47.000,0.251,0.050,78.000,0.417,0.045,57.000,0.305,0.044,5.000,0.027,0.019,8.000,0.043,0.053,55.000,0.294,0.067,94.000,0.503,0.040,30.000,0.160,0.033,51.000,0.273,0.067,70.000,0.374,0.043,62.000,0.332,0.039,4.000,0.021,0.014,14.000,0.075,0.080,55.000,0.294,0.052,100.000,0.535,0.043,18.000,0.096,0.026,7.000,0.037,0.045,74.000,0.396,0.055,97.000,0.519,0.041,9.000,0.048,0.023,15.000,0.080,0.047,60.000,0.321,0.049,93.000,0.497,0.045,19.000,0.102,0.029,9.000,0.048,0.045,61.000,0.326,0.052,95.000,0.508,0.044,22.000,0.118,0.030,8.000,0.043,0.062,52.000,0.278,0.064,102.000,0.545,0.041,25.000,0.134,0.030,8.000,0.043,0.055,64.000,0.342,0.067,93.000,0.497,0.039,22.000,0.118,0.030
Hombre,78.000,0.042,0.462,670.000,0.362,0.468,936.000,0.505,0.433,168.000,0.091,0.344,115.000,0.062,0.479,587.000,0.317,0.470,906.000,0.489,0.440,244.000,0.132,0.347,492.000,0.266,0.528,790.000,0.427,0.452,486.000,0.262,0.373,84.000,0.045,0.312,87.000,0.047,0.576,459.000,0.248,0.557,1040.000,0.562,0.441,266.000,0.144,0.289,336.000,0.181,0.444,737.000,0.398,0.457,656.000,0.354,0.410,123.000,0.066,0.436,90.000,0.049,0.514,492.000,0.266,0.465,1017.000,0.549,0.436,253.000,0.137,0.369,73.000,0.039,0.474,631.000,0.341,0.466,984.000,0.531,0.417,164.000,0.089,0.426,149.000,0.080,0.463,595.000,0.321,0.485,844.000,0.456,0.411,264.000,0.143,0.406,89.000,0.048,0.443,583.000,0.315,0.500,923.000,0.498,0.430,257.000,0.139,0.348,51.000,0.028,0.395,341.000,0.184,0.419,1087.000,0.587,0.441,373.000,0.201,0.441,50.000,0.027,0.342,407.000,0.220,0.423,1073.000,0.579,0.445,322.000,0.174,0.439
Mujer,91.000,0.038,0.538,761.000,0.317,0.532,1228.000,0.512,0.567,320.000,0.133,0.656,125.000,0.052,0.521,663.000,0.276,0.530,1152.000,0.480,0.560,460.000,0.192,0.653,439.000,0.183,0.472,958.000,0.399,0.548,818.000,0.341,0.627,185.000,0.077,0.688,64.000,0.027,0.424,365.000,0.152,0.443,1318.000,0.549,0.559,653.000,0.272,0.711,421.000,0.175,0.556,876.000,0.365,0.543,944.000,0.393,0.590,159.000,0.066,0.564,85.000,0.035,0.486,565.000,0.235,0.535,1317.000,0.549,0.564,433.000,0.180,0.631,81.000,0.034,0.526,723.000,0.301,0.534,1375.000,0.573,0.583,221.000,0.092,0.574,173.000,0.072,0.537,632.000,0.263,0.515,1208.000,0.503,0.589,387.000,0.161,0.594,112.000,0.047,0.557,584.000,0.243,0.500,1223.000,0.510,0.570,481.000,0.200,0.652,78.000,0.033,0.605,473.000,0.197,0.581,1376.000,0.573,0.559,473.000,0.197,0.559,96.000,0.040,0.658,555.000,0.231,0.577,1337.000,0.557,0.555,412.000,0.172,0.561
18 a 20 años,0.000,0.000,0.000,5.000,0.500,0.003,5.000,0.500,0.002,0.000,0.000,0.000,0.000,0.000,0.000,4.000,0.400,0.003,6.000,0.600,0.003,0.000,0.000,0.000,0.000,0.000,0.000,4.000,0.400,0.002,6.000,0.600,0.005,0.000,0.000,0.000,0.000,0.000,0.000,2.000,0.200,0.002,8.000,0.800,0.003,0.000,0.000,0.000,0.000,0.000,0.000,4.000,0.400,0.002,6.000,0.600,0.004,0.000,0.000,0.000,0.000,0.000,0.000,4.000,0.400,0.004,6.000,0.600,0.003,0.000,0.000,0.000,1.000,0.100,0.006,4.000,0.400,0.003,5.000,0.500,0.002,0.000,0.000,0.000,1.000,0.100,0.003,2.000,0.200,0.002,7.000,0.700,0.003,0.000,0.000,0.000,0.000,0.000,0.000,2.000,0.200,0.002,8.000,0.800,0.004,0.000,0.000,0.000,0.000,0.000,0.000,1.000,0.100,0.001,8.000,0.800,0.003,1.000,0.100,0.001,0.000,0.000,0.000,1.000,0.100,0.001,9.000,0.900,0.004,0.000,0.000,0.000
21 a 30 años,13.000,0.063,0.077,72.000,0.351,0.050,102.000,0.498,0.047,18.000,0.088,0.037,14.000,0.068,0.058,59.000,0.288,0.047,105.000,0.512,0.051,27.000,0.132,0.038,41.000,0.200,0.044,81.000,0.395,0.046,73.000,0.356,0.056,10.000,0.049,0.037,7.000,0.034,0.046,43.000,0.210,0.052,112.000,0.546,0.047,43.000,0.210,0.047,34.000,0.166,0.045,73.000,0.356,0.045,85.000,0.415,0.053,13.000,0.063,0.046,12.000,0.059,0.069,48.000,0.234,0.045,103.000,0.502,0.044,42.000,0.205,0.061,9.000,0.044,0.058,66.000,0.322,0.049,111.000,0.541,0.047,19.000,0.093,0.049,14.000,0.068,0.043,57.000,0.278,0.046,100.000,0.488,0.049,34.000,0.166,0.052,15.000,0.073,0.075,51.000,0.249,0.044,103.000,0.502,0.048,36.000,0.176,0.049,12.000,0.059,0.093,49.000,0.239,0.060,108.000,0.527,0.044,36.000,0.176,0.043,14.000,0.068,0.096,58.000,0.283,0.060,97.000,0.473,0.040,36.000,0.176,0.049
31 a 40 años,48.000,0.048,0.284,351.000,0.353,0.245,490.000,0.493,0.226,104.000,0.105,0.213,66.000,0.066,0.275,288.000,0.290,0.230,483.000,0.486,0.235,156.000,0.157,0.222,230.000,0.232,0.247,411.000,0.414,0.235,292.000,0.294,0.224,60.000,0.060,0.223,41.000,0.041,0.272,188.000,0.189,0.228,517.000,0.521,0.219,247.000,0.249,0.269,211.000,0.212,0.279,386.000,0.389,0.239,349.000,0.351,0.218,47.000,0.047,0.167,43.000,0.043,0.246,267.000,0.269,0.253,525.000,0.529,0.225,158.000,0.159,0.230,41.000,0.041,0.266,336.000,0.338,0.248,532.000,0.536,0.226,84.000,0.085,0.218,90.000,0.091,0.280,287.000,0.289,0.234,488.000,0.491,0.238,128.000,0.129,0.197,51.000,0.051,0.254,280.000,0.282,0.240,495.000,0.498,0.231,167.000,0.168,0.226,38.000,0.038,0.295,216.000,0.218,0.265,568.000,0.572,0.231,171.000,0.172,0.202,42.000,0.042,0.288,260.000,0.262,0.270,557.000,0.561,0.231,134.000,0.135,0.183
41 a 50 años,55.000,0.044,0.325,440.000,0.350,0.307,619.000,0.492,0.286,143.000,0.114,0.293,69.000,0.055,0.287,396.000,0.315,0.317,584.000,0.465,0.284,208.000,0.165,0.295,260.000,0.207,0.279,512.000,0.407,0.293,389.000,0.309,0.298,96.000,0.076,0.357,48.000,0.038,0.318,217.000,0.173,0.263,711.000,0.566,0.302,281.000,0.224,0.306,240.000,0.191,0.317,480.000,0.382,0.298,467.000,0.372,0.292,70.000,0.056,0.248,55.000,0.044,0.314,317.000,0.252,0.300,698.000,0.555,0.299,187.000,0.149,0.273,46.000,0.037,0.299,411.000,0.327,0.304,694.000,0.552,0.294,106.000,0.084,0.275,100.000,0.080,0.311,355.000,0.282,0.289,603.000,0.480,0.294,199.000,0.158,0.306,49.000,0.039,0.244,364.000,0.290,0.312,625.000,0.497,0.291,219.000,0.174,0.297,33.000,0.026,0.256,236.000,0.188,0.290,742.000,0.590,0.301,246.000,0.196,0.291,43.000,0.034,0.295,266.000,0.212,0.277,734.000,0.584,0.305,214.000,0.170,0.292
51 a 60 años,41.000,0.033,0.243,390.000,0.309,0.273,680.000,0.539,0.314,150.000,0.119,0.307,62.000,0.049,0.258,357.000,0.283,0.286,621.000,0.492,0.302,221.000,0.175,0.314,275.000,0.218,0.295,499.000,0.396,0.285,409.000,0.324,0.314,78.000,0.062,0.290,37.000,0.029,0.245,256.000,0.203,0.311,702.000,0.557,0.298,266.000,0.211,0.289,208.000,0.165,0.275,465.000,0.369,0.288,487.000,0.386,0.304,101.000,0.080,0.358,48.000,0.038,0.274,287.000,0.228,0.272,712.000,0.565,0.305,214.000,0.170,0.312,42.000,0.033,0.273,379.000,0.301,0.280,723.000,0.573,0.306,117.000,0.093,0.304,82.000,0.065,0.255,361.000,0.286,0.294,616.000,0.489,0.300,202.000,0.160,0.310,63.000,0.050,0.313,332.000,0.263,0.284,651.000,0.516,0.303,215.000,0.170,0.291,33.000,0.026,0.256,226.000,0.179,0.278,736.000,0.584,0.299,266.000,0.211,0.314,33.000,0.026,0.226,269.000,0.213,0.280,716.000,0.568,0.297,243.000,0.193,0.331
61 a 70 años,10.000,0.022,0.059,160.000,0.345,0.112,234.000,0.504,0.108,60.000,0.129,0.123,26.000,0.056,0.108,132.000,0.284,0.106,226.000,0.487,0.110,80.000,0.172,0.114,111.000,0.239,0.119,219.000,0.472,0.125,110.000,0.237,0.084,24.000,0.052,0.089,17.000,0.037,0.113,102.000,0.220,0.124,273.000,0.588,0.116,72.000,0.155,0.078,57.000,0.123,0.075,184.000,0.397,0.114,181.000,0.390,0.113,42.000,0.091,0.149,15.000,0.032,0.086,121.000,0.261,0.114,255.000,0.550,0.109,73.000,0.157,0.106,13.000,0.028,0.084,142.000,0.306,0.105,257.000,0.554,0.109,52.000,0.112,0.135,31.000,0.067,0.096,156.000,0.336,0.127,200.000,0.431,0.097,77.000,0.166,0.118,19.000,0.041,0.095,128.000,0.276,0.110,232.000,0.500,0.108,85.000,0.183,0.115,11.000,0.024,0.085,75.000,0.162,0.092,270.000,0.582,0.110,108.000,0.233,0.128,13.000,0.028,0.089,98.000,0.211,0.102,262.000,0.565,0.109,91.000,0.196,0.124
71 a 80 años,2.000,0.032,0.012,13.000,0.210,0.009,34.000,0.548,0.016,13.000,0.210,0.027,3.000,0.048,0.013,14.000,0.226,0.011,33.000,0.532,0.016,12.000,0.194,0.017,14.000,0.226,0.015,22.000,0.355,0.013,25.000,0.403,0.019,1.000,0.016,0.004,1.000,0.016,0.007,16.000,0.258,0.019,35.000,0.565,0.015,10.000,0.161,0.011,7.000,0.113,0.009,21.000,0.339,0.013,25.000,0.403,0.016,9.000,0.145,0.032,2.000,0.032,0.011,13.000,0.210,0.012,35.000,0.565,0.015,12.000,0.194,0.017,2.000,0.032,0.013,16.000,0.258,0.012,37.000,0.597,0.016,7.000,0.113,0.018,4.000,0.065,0.012,9.000,0.145,0.007,38.000,0.613,0.019,11.000,0.177,0.017,4.000,0.065,0.020,10.000,0.161,0.009,32.000,0.516,0.015,16.000,0.258,0.022,2.000,0.032,0.016,11.000,0.177,0.014,31.000,0.500,0.013,18.000,0.290,0.021,1.000,0.016,0.007,10.000,0.161,0.010,35.000,0.565,0.015,16.000,0.258,0.022
81 a 90 años,0.000,0.000,0.000,0.000,0.000,0.000,0.000,0.000,0.000,0.000,0.000,0.000,0.000,0.000,0.000,0.000,0.000,0.000,0.000,0.000,0.000,0.000,0.000,0.000,0.000,0.000,0.000,0.000,0.000,0.000,0.000,0.000,0.000,0.000,0.000,0.000,0.000,0.000,0.000,0.000,0.000,0.000,0.000,0.000,0.000,0.000,0.000,0.000,0.000,0.000,0.000,0.000,0.000,0.000,0.000,0.000,0.000,0.000,0.000,0.000,0.000,0.000,0.000,0.000,0.000,0.000,0.000,0.000,0.000,0.000,0.000,0.000,0.000,0.000,0.000,0.000,0.000,0.000,0.000,0.000,0.000,0.000,0.000,0.000,0.000,0.000,0.000,0.000,0.000,0.000,0.000,0.000,0.000,0.000,0.000,0.000,0.000,0.000,0.000,0.000,0.000,0.000,0.000,0.000,0.000,0.000,0.000,0.000,0.000,0.000,0.000,0.000,0.000,0.000,0.000,0.000,0.000,0.000,0.000,0.000,0.000,0.000,0.000,0.000,0.000,0.000,0.000,0.000,0.000,0.000,0.000,0.000
91 a 99 años,0.000,0.000,0.000,0.000,0.000,0.000,0.000,0.000,0.000,0.000,0.000,0.000,0.000,0.000,0.000,0.000,0.000,0.000,0.000,0.000,0.000,0.000,0.000,0.000,0.000,0.000,0.000,0.000,0.000,0.000,0.000,0.000,0.000,0.000,0.000,0.000,0.000,0.000,0.000,0.000,0.000,0.000,0.000,0.000,0.000,0.000,0.000,0.000,0.000,0.000,0.000,0.000,0.000,0.000,0.000,0.000,0.000,0.000,0.000,0.000,0.000,0.000,0.000,0.000,0.000,0.000,0.000,0.000,0.000,0.000,0.000,0.000,0.000,0.000,0.000,0.000,0.000,0.000,0.000,0.000,0.000,0.000,0.000,0.000,0.000,0.000,0.000,0.000,0.000,0.000,0.000,0.000,0.000,0.000,0.000,0.000,0.000,0.000,0.000,0.000,0.000,0.000,0.000,0.000,0.000,0.000,0.000,0.000,0.000,0.000,0.000,0.000,0.000,0.000,0.000,0.000,0.000,0.000,0.000,0.000,0.000,0.000,0.000,0.000,0.000,0.000,0.000,0.000,0.000,0.000,0.000,0.000
"Preparatoria, bachillerato o carrera técnica",0.000,0.000,0.000,7.000,0.389,0.005,9.000,0.500,0.004,2.000,0.111,0.004,0.000,0.000,0.000,5.000,0.278,0.004,8.000,0.444,0.004,5.000,0.278,0.007,2.000,0.111,0.002,6.000,0.333,0.003,7.000,0.389,0.005,3.000,0.167,0.011,0.000,0.000,0.000,5.000,0.278,0.006,8.000,0.444,0.003,5.000,0.278,0.005,0.000,0.000,0.000,6.000,0.333,0.004,12.000,0.667,0.008,0.000,0.000,0.000,0.000,0.000,0.000,3.000,0.167,0.003,12.000,0.667,0.005,3.000,0.167,0.004,0.000,0.000,0.000,5.000,0.278,0.004,10.000,0.556,0.004,3.000,0.167,0.008,1.000,0.056,0.003,1.000,0.056,0.001,10.000,0.556,0.005,6.000,0.333,0.009,0.000,0.000,0.000,4.000,0.222,0.003,10.000,0.556,0.005,4.000,0.222,0.005,1.000,0.056,0.008,5.000,0.278,0.006,7.000,0.389,0.003,5.000,0.278,0.006,1.000,0.056,0.007,5.000,0.278,0.005,9.000,0.500,0.004,3.000,0.167,0.004
Normal básica sin licenciatura,2.000,0.023,0.012,29.000,0.337,0.020,45.000,0.523,0.021,10.000,0.116,0.020,1.000,0.012,0.004,23.000,0.267,0.018,45.000,0.523,0.022,17.000,0.198,0.024,11.000,0.128,0.012,33.000,0.384,0.019,34.000,0.395,0.026,8.000,0.093,0.030,1.000,0.012,0.007,14.000,0.163,0.017,51.000,0.593,0.022,20.000,0.233,0.022,9.000,0.105,0.012,30.000,0.349,0.019,40.000,0.465,0.025,7.000,0.081,0.025,2.000,0.023,0.011,13.000,0.151,0.012,59.000,0.686,0.025,12.000,0.140,0.017,3.000,0.035,0.019,21.000,0.244,0.016,53.000,0.616,0.022,9.000,0.105,0.023,1.000,0.012,0.003,24.000,0.279,0.020,50.000,0.581,0.024,11.000,0.128,0.017,1.000,0.012,0.005,24.000,0.279,0.021,47.000,0.547,0.022,14.000,0.163,0.019,4.000,0.047,0.031,12.000,0.140,0.015,59.000,0.686,0.024,11.000,0.128,0.013,3.000,0.035,0.021,18.000,0.209,0.019,53.000,0.616,0.022,12.000,0.140,0.016
Normal superior,8.000,0.033,0.047,75.000,0.310,0.052,127.000,0.525,0.059,32.000,0.132,0.066,9.000,0.037,0.038,72.000,0.298,0.058,128.000,0.529,0.062,33.000,0.136,0.047,63.000,0.260,0.068,102.000,0.421,0.058,66.000,0.273,0.051,11.000,0.045,0.041,10.000,0.041,0.066,54.000,0.223,0.066,145.000,0.599,0.061,33.000,0.136,0.036,33.000,0.136,0.044,90.000,0.372,0.056,99.000,0.409,0.062,20.000,0.083,0.071,3.000,0.012,0.017,64.000,0.264,0.061,134.000,0.554,0.057,41.000,0.169,0.060,4.000,0.017,0.026,83.000,0.343,0.061,132.000,0.545,0.056,23.000,0.095,0.060,12.000,0.050,0.037,82.000,0.339,0.067,117.000,0.483,0.057,31.000,0.128,0.048,6.000,0.025,0.030,60.000,0.248,0.051,137.000,0.566,0.064,39.000,0.161,0.053,6.000,0.025,0.047,37.000,0.153,0.045,147.000,0.607,0.060,52.000,0.215,0.061,6.000,0.025,0.041,46.000,0.190,0.048,146.000,0.603,0.061,44.000,0.182,0.060
Normal Intercultural Bilingüe,0.000,0.000,0.000,0.000,0.000,0.000,4.000,0.800,0.002,1.000,0.200,0.002,0.000,0.000,0.000,1.000,0.200,0.001,2.000,0.400,0.001,2.000,0.400,0.003,1.000,0.200,0.001,1.000,0.200,0.001,1.000,0.200,0.001,2.000,0.400,0.007,0.000,0.000,0.000,0.000,0.000,0.000,3.000,0.600,0.001,2.000,0.400,0.002,0.000,0.000,0.000,2.000,0.400,0.001,1.000,0.200,0.001,2.000,0.400,0.007,0.000,0.000,0.000,0.000,0.000,0.000,4.000,0.800,0.002,1.000,0.200,0.001,0.000,0.000,0.000,1.000,0.200,0.001,3.000,0.600,0.001,1.000,0.200,0.003,0.000,0.000,0.000,1.000,0.200,0.001,3.000,0.600,0.001,1.000,0.200,0.002,0.000,0.000,0.000,1.000,0.200,0.001,2.000,0.400,0.001,2.000,0.400,0.003,0.000,0.000,0.000,0.000,0.000,0.000,5.000,1.000,0.002,0.000,0.000,0.000,0.000,0.000,0.000,0.000,0.000,0.000,4.000,0.800,0.002,1.000,0.200,0.001
Licenciatura,81.000,0.044,0.479,596.000,0.325,0.416,950.000,0.518,0.439,206.000,0.112,0.422,99.000,0.054,0.413,478.000,0.261,0.382,937.000,0.511,0.455,319.000,0.174,0.453,319.000,0.174,0.343,732.000,0.399,0.419,630.000,0.344,0.483,152.000,0.083,0.565,50.000,0.027,0.331,319.000,0.174,0.387,1007.000,0.549,0.427,457.000,0.249,0.497,309.000,0.169,0.408,707.000,0.386,0.438,689.000,0.376,0.431,128.000,0.070,0.454,73.000,0.040,0.417,437.000,0.238,0.413,1004.000,0.548,0.430,319.000,0.174,0.465,63.000,0.034,0.409,557.000,0.304,0.411,1039.000,0.567,0.440,174.000,0.095,0.452,116.000,0.063,0.360,500.000,0.273,0.407,916.000,0.500,0.446,301.000,0.164,0.462,87.000,0.047,0.433,485.000,0.265,0.416,947.000,0.517,0.441,314.000,0.171,0.425,53.000,0.029,0.411,385.000,0.210,0.473,1075.000,0.586,0.436,320.000,0.175,0.378,62.000,0.034,0.425,440.000,0.240,0.457,1051.000,0.573,0.436,280.000,0.153,0.381
Especialidad,1.000,0.020,0.006,17.000,0.347,0.012,27.000,0.551,0.012,4.000,0.082,0.008,3.000,0.061,0.013,7.000,0.143,0.006,31.000,0.633,0.015,8.000,0.163,0.011,13.000,0.265,0.014,21.000,0.429,0.012,13.000,0.265,0.010,2.000,0.041,0.007,2.000,0.041,0.013,9.000,0.184,0.011,31.000,0.633,0.013,7.000,0.143,0.008,7.000,0.143,0.009,24.000,0.490,0.015,16.000,0.327,0.010,2.000,0.041,0.007,6.000,0.122,0.034,5.000,0.102,0.005,36.000,0.735,0.015,2.000,0.041,0.003,4.000,0.082,0.026,11.000,0.224,0.008,32.000,0.653,0.014,2.000,0.041,0.005,7.000,0.143,0.022,13.000,0.265,0.011,24.000,0.490,0.012,5.000,0.102,0.008,5.000,0.102,0.025,8.000,0.163,0.007,31.000,0.633,0.014,5.000,0.102,0.007,1.000,0.020,0.008,7.000,0.143,0.009,36.000,0.735,0.015,5.000,0.102,0.006,2.000,0.041,0.014,6.000,0.122,0.006,33.000,0.673,0.014,8.000,0.163,0.011
Maestría,64.000,0.041,0.379,567.000,0.361,0.396,771.000,0.491,0.356,167.000,0.106,0.342,100.000,0.064,0.417,513.000,0.327,0.410,719.000,0.458,0.349,237.000,0.151,0.337,412.000,0.263,0.443,661.000,0.421,0.378,430.000,0.274,0.330,66.000,0.042,0.245,67.000,0.043,0.444,326.000,0.208,0.396,871.000,0.555,0.369,305.000,0.194,0.332,310.000,0.198,0.410,605.000,0.386,0.375,565.000,0.360,0.353,89.000,0.057,0.316,69.000,0.044,0.394,426.000,0.272,0.403,848.000,0.540,0.363,226.000,0.144,0.329,60.000,0.038,0.390,534.000,0.340,0.394,842.000,0.537,0.357,133.000,0.085,0.345,141.000,0.090,0.438,478.000,0.305,0.390,722.000,0.460,0.352,228.000,0.145,0.350,81.000,0.052,0.403,461.000,0.294,0.395,760.000,0.484,0.354,267.000,0.170,0.362,50.000,0.032,0.388,292.000,0.186,0.359,899.000,0.573,0.365,328.000,0.209,0.388,60.000,0.038,0.411,364.000,0.232,0.378,868.000,0.553,0.360,277.000,0.177,0.377
Doctorado,13.000,0.030,0.077,135.000,0.310,0.094,224.000,0.514,0.104,64.000,0.147,0.131,27.000,0.062,0.113,144.000,0.330,0.115,185.000,0.424,0.090,80.000,0.183,0.114,105.000,0.241,0.113,186.000,0.427,0.106,120.000,0.275,0.092,25.000,0.057,0.093,19.000,0.044,0.126,92.000,0.211,0.112,239.000,0.548,0.101,86.000,0.197,0.094,82.000,0.188,0.108,146.000,0.335,0.091,176.000,0.404,0.110,32.000,0.073,0.113,19.000,0.044,0.109,105.000,0.241,0.099,233.000,0.534,0.100,79.000,0.181,0.115,19.000,0.044,0.123,135.000,0.310,0.100,245.000,0.562,0.104,37.000,0.085,0.096,41.000,0.094,0.127,123.000,0.282,0.100,207.000,0.475,0.101,65.000,0.149,0.100,17.000,0.039,0.085,121.000,0.278,0.104,208.000,0.477,0.097,90.000,0.206,0.122,13.000,0.030,0.101,73.000,0.167,0.090,230.000,0.528,0.093,120.000,0.275,0.142,11.000,0.025,0.075,80.000,0.183,0.083,241.000,0.553,0.100,104.000,0.239,0.142
Posdoctorado,0.000,0.000,0.000,5.000,0.357,0.003,7.000,0.500,0.003,2.000,0.143,0.004,1.000,0.071,0.004,7.000,0.500,0.006,3.000,0.214,0.001,3.000,0.214,0.004,5.000,0.357,0.005,6.000,0.429,0.003,3.000,0.214,0.002,0.000,0.000,0.000,2.000,0.143,0.013,5.000,0.357,0.006,3.000,0.214,0.001,4.000,0.286,0.004,7.000,0.500,0.009,3.000,0.214,0.002,2.000,0.143,0.001,2.000,0.143,0.007,3.000,0.214,0.017,4.000,0.286,0.004,4.000,0.286,0.002,3.000,0.214,0.004,1.000,0.071,0.006,7.000,0.500,0.005,3.000,0.214,0.001,3.000,0.214,0.008,3.000,0.214,0.009,5.000,0.357,0.004,3.000,0.214,0.001,3.000,0.214,0.005,4.000,0.286,0.020,3.000,0.214,0.003,4.000,0.286,0.002,3.000,0.214,0.004,1.000,0.071,0.008,3.000,0.214,0.004,5.000,0.357,0.002,5.000,0.357,0.006,1.000,0.071,0.007,3.000,0.214,0.003,5.000,0.357,0.002,5.000,0.357,0.007
Menor o igual a 10,130.000,0.045,0.769,986.000,0.342,0.689,1465.000,0.507,0.677,306.000,0.106,0.627,168.000,0.058,0.700,883.000,0.306,0.706,1381.000,0.478,0.671,455.000,0.158,0.646,648.000,0.224,0.696,1215.000,0.421,0.695,840.000,0.291,0.644,184.000,0.064,0.684,108.000,0.037,0.715,556.000,0.193,0.675,1589.000,0.550,0.674,634.000,0.220,0.690,543.000,0.188,0.717,1112.000,0.385,0.689,1057.000,0.366,0.661,175.000,0.061,0.621,124.000,0.043,0.709,727.000,0.252,0.688,1589.000,0.550,0.681,447.000,0.155,0.652,107.000,0.037,0.695,947.000,0.328,0.699,1588.000,0.550,0.673,245.000,0.085,0.636,218.000,0.076,0.677,852.000,0.295,0.694,1403.000,0.486,0.684,414.000,0.143,0.636,140.000,0.048,0.697,825.000,0.286,0.707,1442.000,0.499,0.672,480.000,0.166,0.650,94.000,0.033,0.729,566.000,0.196,0.695,1680.000,0.582,0.682,547.000,0.189,0.647,114.000,0.039,0.781,654.000,0.227,0.680,1657.000,0.574,0.688,462.000,0.160,0.629
11 a 20,21.000,0.024,0.124,304.000,0.340,0.212,454.000,0.508,0.210,114.000,0.128,0.234,48.000,0.054,0.200,240.000,0.269,0.192,446.000,0.499,0.217,159.000,0.178,0.226,192.000,0.215,0.206,336.000,0.376,0.192,312.000,0.349,0.239,53.000,0.059,0.197,27.000,0.030,0.179,172.000,0.193,0.209,507.000,0.568,0.215,187.000,0.209,0.203,148.000,0.166,0.196,327.000,0.366,0.203,351.000,0.393,0.219,67.000,0.075,0.238,38.000,0.043,0.217,218.000,0.244,0.206,470.000,0.526,0.201,167.000,0.187,0.243,28.000,0.031,0.182,270.000,0.302,0.199,502.000,0.562,0.213,93.000,0.104,0.242,70.000,0.078,0.217,233.000,0.261,0.190,429.000,0.480,0.209,161.000,0.180,0.247,36.000,0.040,0.179,219.000,0.245,0.188,470.000,0.526,0.219,168.000,0.188,0.228,23.000,0.026,0.178,155.000,0.174,0.190,521.000,0.583,0.212,194.000,0.217,0.229,21.000,0.024,0.144,201.000,0.225,0.209,496.000,0.555,0.206,175.000,0.196,0.238
21 a 30,18.000,0.038,0.107,141.000,0.299,0.099,245.000,0.519,0.113,68.000,0.144,0.139,24.000,0.051,0.100,127.000,0.269,0.102,231.000,0.489,0.112,90.000,0.191,0.128,91.000,0.193,0.098,197.000,0.417,0.113,152.000,0.322,0.117,32.000,0.068,0.119,16.000,0.034,0.106,96.000,0.203,0.117,262.000,0.555,0.111,98.000,0.208,0.107,66.000,0.140,0.087,174.000,0.369,0.108,192.000,0.407,0.120,40.000,0.085,0.142,13.000,0.028,0.074,112.000,0.237,0.106,275.000,0.583,0.118,72.000,0.153,0.105,19.000,0.040,0.123,137.000,0.290,0.101,269.000,0.570,0.114,47.000,0.100,0.122,34.000,0.072,0.106,142.000,0.301,0.116,220.000,0.466,0.107,76.000,0.161,0.117,25.000,0.053,0.124,123.000,0.261,0.105,234.000,0.496,0.109,90.000,0.191,0.122,12.000,0.025,0.093,93.000,0.197,0.114,262.000,0.555,0.106,105.000,0.222,0.124,11.000,0.023,0.075,107.000,0.227,0.111,257.000,0.544,0.107,97.000,0.206,0.132
31 a 40,0.000,0.000,0.000,0.000,0.000,0.000,0.000,0.000,0.000,0.000,0.000,0.000,0.000,0.000,0.000,0.000,0.000,0.000,0.000,0.000,0.000,0.000,0.000,0.000,0.000,0.000,0.000,0.000,0.000,0.000,0.000,0.000,0.000,0.000,0.000,0.000,0.000,0.000,0.000,0.000,0.000,0.000,0.000,0.000,0.000,0.000,0.000,0.000,0.000,0.000,0.000,0.000,0.000,0.000,0.000,0.000,0.000,0.000,0.000,0.000,0.000,0.000,0.000,0.000,0.000,0.000,0.000,0.000,0.000,0.000,0.000,0.000,0.000,0.000,0.000,0.000,0.000,0.000,0.000,0.000,0.000,0.000,0.000,0.000,0.000,0.000,0.000,0.000,0.000,0.000,0.000,0.000,0.000,0.000,0.000,0.000,0.000,0.000,0.000,0.000,0.000,0.000,0.000,0.000,0.000,0.000,0.000,0.000,0.000,0.000,0.000,0.000,0.000,0.000,0.000,0.000,0.000,0.000,0.000,0.000,0.000,0.000,0.000,0.000,0.000,0.000,0.000,0.000,0.000,0.000,0.000,0.000
41 a 50,0.000,0.000,0.000,0.000,0.000,0.000,0.000,0.000,0.000,0.000,0.000,0.000,0.000,0.000,0.000,0.000,0.000,0.000,0.000,0.000,0.000,0.000,0.000,0.000,0.000,0.000,0.000,0.000,0.000,0.000,0.000,0.000,0.000,0.000,0.000,0.000,0.000,0.000,0.000,0.000,0.000,0.000,0.000,0.000,0.000,0.000,0.000,0.000,0.000,0.000,0.000,0.000,0.000,0.000,0.000,0.000,0.000,0.000,0.000,0.000,0.000,0.000,0.000,0.000,0.000,0.000,0.000,0.000,0.000,0.000,0.000,0.000,0.000,0.000,0.000,0.000,0.000,0.000,0.000,0.000,0.000,0.000,0.000,0.000,0.000,0.000,0.000,0.000,0.000,0.000,0.000,0.000,0.000,0.000,0.000,0.000,0.000,0.000,0.000,0.000,0.000,0.000,0.000,0.000,0.000,0.000,0.000,0.000,0.000,0.000,0.000,0.000,0.000,0.000,0.000,0.000,0.000,0.000,0.000,0.000,0.000,0.000,0.000,0.000,0.000,0.000,0.000,0.000,0.000,0.000,0.000,0.000
Mayor o igual a 51,0.000,0.000,0.000,0.000,0.000,0.000,0.000,0.000,0.000,0.000,0.000,0.000,0.000,0.000,0.000,0.000,0.000,0.000,0.000,0.000,0.000,0.000,0.000,0.000,0.000,0.000,0.000,0.000,0.000,0.000,0.000,0.000,0.000,0.000,0.000,0.000,0.000,0.000,0.000,0.000,0.000,0.000,0.000,0.000,0.000,0.000,0.000,0.000,0.000,0.000,0.000,0.000,0.000,0.000,0.000,0.000,0.000,0.000,0.000,0.000,0.000,0.000,0.000,0.000,0.000,0.000,0.000,0.000,0.000,0.000,0.000,0.000,0.000,0.000,0.000,0.000,0.000,0.000,0.000,0.000,0.000,0.000,0.000,0.000,0.000,0.000,0.000,0.000,0.000,0.000,0.000,0.000,0.000,0.000,0.000,0.000,0.000,0.000,0.000,0.000,0.000,0.000,0.000,0.000,0.000,0.000,0.000,0.000,0.000,0.000,0.000,0.000,0.000,0.000,0.000,0.000,0.000,0.000,0.000,0.000,0.000,0.000,0.000,0.000,0.000,0.000,0.000,0.000,0.000,0.000,0.000,0.000
Definitivo o base,129.000,0.039,0.763,1151.000,0.344,0.804,1684.000,0.503,0.778,382.000,0.114,0.783,201.000,0.060,0.838,1014.000,0.303,0.811,1590.000,0.475,0.773,541.000,0.162,0.768,747.000,0.223,0.802,1411.000,0.422,0.807,998.000,0.298,0.765,190.000,0.057,0.706,125.000,0.037,0.828,643.000,0.192,0.780,1851.000,0.553,0.785,727.000,0.217,0.791,609.000,0.182,0.804,1282.000,0.383,0.795,1246.000,0.372,0.779,209.000,0.062,0.741,143.000,0.043,0.817,851.000,0.254,0.805,1836.000,0.549,0.787,516.000,0.154,0.752,128.000,0.038,0.831,1062.000,0.317,0.784,1863.000,0.557,0.790,293.000,0.088,0.761,271.000,0.081,0.842,985.000,0.294,0.803,1593.000,0.476,0.776,497.000,0.149,0.763,157.000,0.047,0.781,945.000,0.282,0.810,1675.000,0.501,0.781,569.000,0.170,0.771,95.000,0.028,0.736,640.000,0.191,0.786,1942.000,0.580,0.788,669.000,0.200,0.791,107.000,0.032,0.733,768.000,0.230,0.798,1892.000,0.565,0.785,579.000,0.173,0.789
Interino,11.000,0.082,0.065,40.000,0.299,0.028,68.000,0.507,0.031,15.000,0.112,0.031,11.000,0.082,0.046,39.000,0.291,0.031,63.000,0.470,0.031,21.000,0.157,0.030,37.000,0.276,0.040,56.000,0.418,0.032,30.000,0.224,0.023,11.000,0.082,0.041,7.000,0.052,0.046,25.000,0.187,0.030,80.000,0.597,0.034,22.000,0.164,0.024,29.000,0.216,0.038,47.000,0.351,0.029,46.000,0.343,0.029,12.000,0.090,0.043,6.000,0.045,0.034,37.000,0.276,0.035,71.000,0.530,0.030,20.000,0.149,0.029,4.000,0.030,0.026,49.000,0.366,0.036,66.000,0.493,0.028,15.000,0.112,0.039,12.000,0.090,0.037,39.000,0.291,0.032,57.000,0.425,0.028,26.000,0.194,0.040,10.000,0.075,0.050,37.000,0.276,0.032,63.000,0.470,0.029,24.000,0.179,0.033,6.000,0.045,0.047,21.000,0.157,0.026,71.000,0.530,0.029,36.000,0.269,0.043,7.000,0.052,0.048,21.000,0.157,0.022,72.000,0.537,0.030,34.000,0.254,0.046
No tengo nombramiento,18.000,0.039,0.107,149.000,0.323,0.104,247.000,0.536,0.114,47.000,0.102,0.096,14.000,0.030,0.058,124.000,0.269,0.099,245.000,0.531,0.119,78.000,0.169,0.111,80.000,0.174,0.086,169.000,0.367,0.097,173.000,0.375,0.133,39.000,0.085,0.145,12.000,0.026,0.079,93.000,0.202,0.113,254.000,0.551,0.108,102.000,0.221,0.111,69.000,0.150,0.091,168.000,0.364,0.104,193.000,0.419,0.121,31.000,0.067,0.110,16.000,0.035,0.091,104.000,0.226,0.098,249.000,0.540,0.107,92.000,0.200,0.134,13.000,0.028,0.084,162.000,0.351,0.120,235.000,0.510,0.100,51.000,0.111,0.132,21.000,0.046,0.065,131.000,0.284,0.107,233.000,0.505,0.114,76.000,0.165,0.117,22.000,0.048,0.109,111.000,0.241,0.095,241.000,0.523,0.112,87.000,0.189,0.118,17.000,0.037,0.132,99.000,0.215,0.122,276.000,0.599,0.112,69.000,0.150,0.082,21.000,0.046,0.144,113.000,0.245,0.117,268.000,0.581,0.111,59.000,0.128,0.080
Otro,11.000,0.035,0.065,91.000,0.293,0.064,165.000,0.531,0.076,44.000,0.141,0.090,14.000,0.045,0.058,73.000,0.235,0.058,160.000,0.514,0.078,64.000,0.206,0.091,67.000,0.215,0.072,112.000,0.360,0.064,103.000,0.331,0.079,29.000,0.093,0.108,7.000,0.023,0.046,63.000,0.203,0.076,173.000,0.556,0.073,68.000,0.219,0.074,50.000,0.161,0.066,116.000,0.373,0.072,115.000,0.370,0.072,30.000,0.096,0.106,10.000,0.032,0.057,65.000,0.209,0.061,178.000,0.572,0.076,58.000,0.186,0.085,9.000,0.029,0.058,81.000,0.260,0.060,195.000,0.627,0.083,26.000,0.084,0.068,18.000,0.058,0.056,72.000,0.232,0.059,169.000,0.543,0.082,52.000,0.167,0.080,12.000,0.039,0.060,74.000,0.238,0.063,167.000,0.537,0.078,58.000,0.186,0.079,11.000,0.035,0.085,54.000,0.174,0.066,174.000,0.559,0.071,72.000,0.232,0.085,11.000,0.035,0.075,60.000,0.193,0.062,178.000,0.572,0.074,62.000,0.199,0.084
GENERAL PÚBLICA,107.000,0.039,0.633,958.000,0.345,0.669,1385.000,0.498,0.640,329.000,0.118,0.674,159.000,0.057,0.663,781.000,0.281,0.625,1361.000,0.490,0.661,478.000,0.172,0.679,542.000,0.195,0.582,1149.000,0.413,0.657,900.000,0.324,0.690,188.000,0.068,0.699,86.000,0.031,0.570,476.000,0.171,0.578,1544.000,0.556,0.655,673.000,0.242,0.732,508.000,0.183,0.671,1029.000,0.370,0.638,1063.000,0.383,0.664,179.000,0.064,0.635,111.000,0.040,0.634,677.000,0.244,0.640,1538.000,0.553,0.659,453.000,0.163,0.660,100.000,0.036,0.649,861.000,0.310,0.636,1587.000,0.571,0.673,231.000,0.083,0.600,212.000,0.076,0.658,792.000,0.285,0.645,1363.000,0.490,0.664,412.000,0.148,0.633,144.000,0.052,0.716,752.000,0.271,0.644,1391.000,0.501,0.648,492.000,0.177,0.667,92.000,0.033,0.713,565.000,0.203,0.694,1607.000,0.578,0.652,515.000,0.185,0.609,103.000,0.037,0.705,659.000,0.237,0.685,1563.000,0.562,0.649,454.000,0.163,0.619
INDÍGENAS,15.000,0.041,0.089,108.000,0.293,0.075,210.000,0.569,0.097,36.000,0.098,0.074,13.000,0.035,0.054,99.000,0.268,0.079,193.000,0.523,0.094,64.000,0.173,0.091,31.000,0.084,0.033,128.000,0.347,0.073,174.000,0.472,0.133,36.000,0.098,0.134,8.000,0.022,0.053,56.000,0.152,0.068,215.000,0.583,0.091,90.000,0.244,0.098,43.000,0.117,0.057,138.000,0.374,0.086,161.000,0.436,0.101,27.000,0.073,0.096,9.000,0.024,0.051,75.000,0.203,0.071,223.000,0.604,0.096,62.000,0.168,0.090,11.000,0.030,0.071,109.000,0.295,0.081,216.000,0.585,0.092,33.000,0.089,0.086,10.000,0.027,0.031,80.000,0.217,0.065,215.000,0.583,0.105,64.000,0.173,0.098,11.000,0.030,0.055,90.000,0.244,0.077,207.000,0.561,0.096,61.000,0.165,0.083,11.000,0.030,0.085,69.000,0.187,0.085,222.000,0.602,0.090,67.000,0.182,0.079,8.000,0.022,0.055,79.000,0.214,0.082,235.000,0.637,0.098,47.000,0.127,0.064
TÉCNICA,24.000,0.043,0.142,173.000,0.308,0.121,292.000,0.520,0.135,72.000,0.128,0.148,45.000,0.080,0.188,198.000,0.353,0.158,241.000,0.430,0.117,77.000,0.137,0.109,188.000,0.335,0.202,245.000,0.437,0.140,107.000,0.191,0.082,21.000,0.037,0.078,23.000,0.041,0.152,146.000,0.260,0.177,311.000,0.554,0.132,81.000,0.144,0.088,85.000,0.152,0.112,210.000,0.374,0.130,220.000,0.392,0.138,46.000,0.082,0.163,20.000,0.036,0.114,145.000,0.258,0.137,302.000,0.538,0.129,94.000,0.168,0.137,19.000,0.034,0.123,191.000,0.340,0.141,284.000,0.506,0.120,67.000,0.119,0.174,47.000,0.084,0.146,186.000,0.332,0.152,239.000,0.426,0.116,89.000,0.159,0.137,25.000,0.045,0.124,170.000,0.303,0.146,279.000,0.497,0.130,87.000,0.155,0.118,10.000,0.018,0.078,97.000,0.173,0.119,321.000,0.572,0.130,133.000,0.237,0.157,15.000,0.027,0.103,115.000,0.205,0.120,314.000,0.560,0.130,117.000,0.209,0.159
TELESECUNDARIA,23.000,0.042,0.136,192.000,0.354,0.134,277.000,0.510,0.128,51.000,0.094,0.105,23.000,0.042,0.096,172.000,0.317,0.138,263.000,0.484,0.128,85.000,0.157,0.121,170.000,0.313,0.183,226.000,0.416,0.129,123.000,0.227,0.094,24.000,0.044,0.089,34.000,0.063,0.225,146.000,0.269,0.177,288.000,0.530,0.122,75.000,0.138,0.082,121.000,0.223,0.160,236.000,0.435,0.146,156.000,0.287,0.098,30.000,0.055,0.106,35.000,0.064,0.200,160.000,0.295,0.151,271.000,0.499,0.116,77.000,0.142,0.112,24.000,0.044,0.156,193.000,0.355,0.143,272.000,0.501,0.115,54.000,0.099,0.140,53.000,0.098,0.165,169.000,0.311,0.138,235.000,0.433,0.115,86.000,0.158,0.132,21.000,0.039,0.104,155.000,0.285,0.133,269.000,0.495,0.125,98.000,0.180,0.133,16.000,0.029,0.124,83.000,0.153,0.102,313.000,0.576,0.127,131.000,0.241,0.155,20.000,0.037,0.137,109.000,0.201,0.113,298.000,0.549,0.124,116.000,0.214,0.158
Total,169.000,0.040,1.000,1431.000,0.337,1.000,2164.000,0.509,1.000,488.000,0.115,1.000,240.000,0.056,1.000,1250.000,0.294,1.000,2058.000,0.484,1.000,704.000,0.166,1.000,931.000,0.219,1.000,1748.000,0.411,1.000,1304.000,0.307,1.000,269.000,0.063,1.000,151.000,0.036,1.000,824.000,0.194,1.000,2358.000,0.555,1.000,919.000,0.216,1.000,757.000,0.178,1.000,1613.000,0.379,1.000,1600.000,0.376,1.000,282.000,0.066,1.000,175.000,0.041,1.000,1057.000,0.249,1.000,2334.000,0.549,1.000,686.000,0.161,1.000,154.000,0.036,1.000,1354.000,0.318,1.000,2359.000,0.555,1.000,385.000,0.091,1.000,322.000,0.076,1.000,1227.000,0.289,1.000,2052.000,0.483,1.000,651.000,0.153,1.000,201.000,0.047,1.000,1167.000,0.274,1.000,2146.000,0.505,1.000,738.000,0.174,1.000,129.000,0.030,1.000,814.000,0.191,1.000,2463.000,0.579,1.000,846.000,0.199,1.000,146.000,0.034,1.000,962.000,0.226,1.000,2410.000,0.567,1.000,734.000,0.173,1.000
