Entidad,B5-A-Muy adecuado-Recuento,B5-A-Muy adecuado-% del N de fila,B5-A-Muy adecuado-% de N columnas,B5-A-Adecuado-Recuento,B5-A-Adecuado-% del N de fila,B5-A-Adecuado-% de N columnas,B5-A-Poco adecuado-Recuento,B5-A-Poco adecuado-% del N de fila,B5-A-Poco adecuado-% de N columnas,B5-A-Nada adecuado-Recuento,B5-A-Nada adecuado-% del N de fila,B5-A-Nada adecuado-% de N columnas,B5-B-Muy adecuado-Recuento,B5-B-Muy adecuado-% del N de fila,B5-B-Muy adecuado-% de N columnas,B5-B-Adecuado-Recuento,B5-B-Adecuado-% del N de fila,B5-B-Adecuado-% de N columnas,B5-B-Poco adecuado-Recuento,B5-B-Poco adecuado-% del N de fila,B5-B-Poco adecuado-% de N columnas,B5-B-Nada adecuado-Recuento,B5-B-Nada adecuado-% del N de fila,B5-B-Nada adecuado-% de N columnas,B5-C-Muy adecuado-Recuento,B5-C-Muy adecuado-% del N de fila,B5-C-Muy adecuado-% de N columnas,B5-C-Adecuado-Recuento,B5-C-Adecuado-% del N de fila,B5-C-Adecuado-% de N columnas,B5-C-Poco adecuado-Recuento,B5-C-Poco adecuado-% del N de fila,B5-C-Poco adecuado-% de N columnas,B5-C-Nada adecuado-Recuento,B5-C-Nada adecuado-% del N de fila,B5-C-Nada adecuado-% de N columnas,B5-D-Muy adecuado-Recuento,B5-D-Muy adecuado-% del N de fila,B5-D-Muy adecuado-% de N columnas,B5-D-Adecuado-Recuento,B5-D-Adecuado-% del N de fila,B5-D-Adecuado-% de N columnas,B5-D-Poco adecuado-Recuento,B5-D-Poco adecuado-% del N de fila,B5-D-Poco adecuado-% de N columnas,B5-D-Nada adecuado-Recuento,B5-D-Nada adecuado-% del N de fila,B5-D-Nada adecuado-% de N columnas,B5-E-Muy adecuado-Recuento,B5-E-Muy adecuado-% del N de fila,B5-E-Muy adecuado-% de N columnas,B5-E-Adecuado-Recuento,B5-E-Adecuado-% del N de fila,B5-E-Adecuado-% de N columnas,B5-E-Poco adecuado-Recuento,B5-E-Poco adecuado-% del N de fila,B5-E-Poco adecuado-% de N columnas,B5-E-Nada adecuado-Recuento,B5-E-Nada adecuado-% del N de fila,B5-E-Nada adecuado-% de N columnas,B5-F-Muy adecuado-Recuento,B5-F-Muy adecuado-% del N de fila,B5-F-Muy adecuado-% de N columnas,B5-F-Adecuado-Recuento,B5-F-Adecuado-% del N de fila,B5-F-Adecuado-% de N columnas,B5-F-Poco adecuado-Recuento,B5-F-Poco adecuado-% del N de fila,B5-F-Poco adecuado-% de N columnas,B5-F-Nada adecuado-Recuento,B5-F-Nada adecuado-% del N de fila,B5-F-Nada adecuado-% de N columnas,B5-G-Muy adecuado-Recuento,B5-G-Muy adecuado-% del N de fila,B5-G-Muy adecuado-% de N columnas,B5-G-Adecuado-Recuento,B5-G-Adecuado-% del N de fila,B5-G-Adecuado-% de N columnas,B5-G-Poco adecuado-Recuento,B5-G-Poco adecuado-% del N de fila,B5-G-Poco adecuado-% de N columnas,B5-G-Nada adecuado-Recuento,B5-G-Nada adecuado-% del N de fila,B5-G-Nada adecuado-% de N columnas,B5-H-Muy adecuado-Recuento,B5-H-Muy adecuado-% del N de fila,B5-H-Muy adecuado-% de N columnas,B5-H-Adecuado-Recuento,B5-H-Adecuado-% del N de fila,B5-H-Adecuado-% de N columnas,B5-H-Poco adecuado-Recuento,B5-H-Poco adecuado-% del N de fila,B5-H-Poco adecuado-% de N columnas,B5-H-Nada adecuado-Recuento,B5-H-Nada adecuado-% del N de fila,B5-H-Nada adecuado-% de N columnas
AGUASCALIENTES,109.000,0.599,0.046,70.000,0.385,0.039,3.000,0.016,0.038,0.000,0.000,0.000,109.000,0.599,0.049,68.000,0.374,0.036,4.000,0.022,0.044,1.000,0.005,0.250,100.000,0.549,0.045,70.000,0.385,0.041,9.000,0.049,0.032,3.000,0.016,0.056,113.000,0.621,0.046,65.000,0.357,0.039,4.000,0.022,0.037,0.000,0.000,0.000,100.000,0.549,0.043,74.000,0.407,0.043,7.000,0.038,0.043,1.000,0.005,0.077,136.000,0.747,0.048,45.000,0.247,0.033,1.000,0.005,0.019,0.000,0.000,0.000,115.000,0.632,0.046,66.000,0.363,0.040,1.000,0.005,0.009,0.000,0.000,0.000,92.000,0.505,0.043,82.000,0.451,0.044,7.000,0.038,0.028,1.000,0.005,0.032
BAJA CALIFORNIA,18.000,0.409,0.008,24.000,0.545,0.013,2.000,0.045,0.025,0.000,0.000,0.000,21.000,0.477,0.009,22.000,0.500,0.012,1.000,0.023,0.011,0.000,0.000,0.000,20.000,0.455,0.009,17.000,0.386,0.010,7.000,0.159,0.025,0.000,0.000,0.000,26.000,0.591,0.011,16.000,0.364,0.010,1.000,0.023,0.009,1.000,0.023,0.083,20.000,0.455,0.009,19.000,0.432,0.011,5.000,0.114,0.031,0.000,0.000,0.000,28.000,0.636,0.010,14.000,0.318,0.010,2.000,0.045,0.038,0.000,0.000,0.000,23.000,0.523,0.009,18.000,0.409,0.011,3.000,0.068,0.028,0.000,0.000,0.000,18.000,0.409,0.008,23.000,0.523,0.012,3.000,0.068,0.012,0.000,0.000,0.000
BAJA CALIFORNIA SUR,113.000,0.614,0.048,69.000,0.375,0.038,2.000,0.011,0.025,0.000,0.000,0.000,117.000,0.636,0.052,65.000,0.353,0.034,2.000,0.011,0.022,0.000,0.000,0.000,104.000,0.565,0.047,64.000,0.348,0.038,13.000,0.071,0.046,3.000,0.016,0.056,120.000,0.652,0.049,61.000,0.332,0.037,3.000,0.016,0.028,0.000,0.000,0.000,107.000,0.582,0.046,69.000,0.375,0.040,7.000,0.038,0.043,1.000,0.005,0.077,128.000,0.696,0.046,52.000,0.283,0.038,4.000,0.022,0.075,0.000,0.000,0.000,113.000,0.614,0.046,65.000,0.353,0.039,6.000,0.033,0.056,0.000,0.000,0.000,107.000,0.582,0.051,66.000,0.359,0.036,10.000,0.054,0.040,1.000,0.005,0.032
CAMPECHE,63.000,0.543,0.027,50.000,0.431,0.028,3.000,0.026,0.038,0.000,0.000,0.000,55.000,0.474,0.024,59.000,0.509,0.031,2.000,0.017,0.022,0.000,0.000,0.000,64.000,0.552,0.029,40.000,0.345,0.024,12.000,0.103,0.042,0.000,0.000,0.000,67.000,0.578,0.027,45.000,0.388,0.027,3.000,0.026,0.028,1.000,0.009,0.083,56.000,0.483,0.024,56.000,0.483,0.032,4.000,0.034,0.025,0.000,0.000,0.000,73.000,0.629,0.026,43.000,0.371,0.031,0.000,0.000,0.000,0.000,0.000,0.000,64.000,0.552,0.026,50.000,0.431,0.030,2.000,0.017,0.019,0.000,0.000,0.000,61.000,0.526,0.029,48.000,0.414,0.026,7.000,0.060,0.028,0.000,0.000,0.000
CHIAPAS,34.000,0.436,0.014,41.000,0.526,0.023,3.000,0.038,0.038,0.000,0.000,0.000,37.000,0.474,0.016,38.000,0.487,0.020,3.000,0.038,0.033,0.000,0.000,0.000,32.000,0.410,0.014,40.000,0.513,0.024,6.000,0.077,0.021,0.000,0.000,0.000,33.000,0.423,0.013,42.000,0.538,0.025,3.000,0.038,0.028,0.000,0.000,0.000,28.000,0.359,0.012,45.000,0.577,0.026,5.000,0.064,0.031,0.000,0.000,0.000,41.000,0.526,0.015,37.000,0.474,0.027,0.000,0.000,0.000,0.000,0.000,0.000,34.000,0.436,0.014,40.000,0.513,0.024,4.000,0.051,0.037,0.000,0.000,0.000,28.000,0.359,0.013,43.000,0.551,0.023,7.000,0.090,0.028,0.000,0.000,0.000
CHIHUAHUA,93.000,0.517,0.039,84.000,0.467,0.046,3.000,0.017,0.038,0.000,0.000,0.000,97.000,0.539,0.043,79.000,0.439,0.041,4.000,0.022,0.044,0.000,0.000,0.000,99.000,0.550,0.045,72.000,0.400,0.042,8.000,0.044,0.028,1.000,0.006,0.019,110.000,0.611,0.044,62.000,0.344,0.037,8.000,0.044,0.075,0.000,0.000,0.000,99.000,0.550,0.042,72.000,0.400,0.042,9.000,0.050,0.056,0.000,0.000,0.000,120.000,0.667,0.043,57.000,0.317,0.041,2.000,0.011,0.038,1.000,0.006,0.100,103.000,0.572,0.041,69.000,0.383,0.042,8.000,0.044,0.075,0.000,0.000,0.000,89.000,0.494,0.042,74.000,0.411,0.040,17.000,0.094,0.069,0.000,0.000,0.000
CIUDAD DE MÉXICO,91.000,0.535,0.039,76.000,0.447,0.042,3.000,0.018,0.038,0.000,0.000,0.000,84.000,0.494,0.037,80.000,0.471,0.042,6.000,0.035,0.067,0.000,0.000,0.000,87.000,0.512,0.039,62.000,0.365,0.037,16.000,0.094,0.057,5.000,0.029,0.093,92.000,0.541,0.037,72.000,0.424,0.043,6.000,0.035,0.056,0.000,0.000,0.000,94.000,0.553,0.040,65.000,0.382,0.037,11.000,0.065,0.068,0.000,0.000,0.000,111.000,0.653,0.040,55.000,0.324,0.040,4.000,0.024,0.075,0.000,0.000,0.000,96.000,0.565,0.039,69.000,0.406,0.042,5.000,0.029,0.047,0.000,0.000,0.000,82.000,0.482,0.039,76.000,0.447,0.041,11.000,0.065,0.045,1.000,0.006,0.032
COAHUILA,49.000,0.570,0.021,37.000,0.430,0.020,0.000,0.000,0.000,0.000,0.000,0.000,48.000,0.558,0.021,38.000,0.442,0.020,0.000,0.000,0.000,0.000,0.000,0.000,49.000,0.570,0.022,33.000,0.384,0.019,4.000,0.047,0.014,0.000,0.000,0.000,56.000,0.651,0.023,30.000,0.349,0.018,0.000,0.000,0.000,0.000,0.000,0.000,54.000,0.628,0.023,31.000,0.360,0.018,1.000,0.012,0.006,0.000,0.000,0.000,62.000,0.721,0.022,24.000,0.279,0.017,0.000,0.000,0.000,0.000,0.000,0.000,57.000,0.663,0.023,28.000,0.326,0.017,1.000,0.012,0.009,0.000,0.000,0.000,51.000,0.593,0.024,32.000,0.372,0.017,2.000,0.023,0.008,1.000,0.012,0.032
COLIMA,105.000,0.660,0.045,53.000,0.333,0.029,1.000,0.006,0.013,0.000,0.000,0.000,97.000,0.610,0.043,60.000,0.377,0.031,2.000,0.013,0.022,0.000,0.000,0.000,98.000,0.616,0.044,54.000,0.340,0.032,6.000,0.038,0.021,1.000,0.006,0.019,111.000,0.698,0.045,44.000,0.277,0.026,4.000,0.025,0.037,0.000,0.000,0.000,101.000,0.635,0.043,53.000,0.333,0.031,5.000,0.031,0.031,0.000,0.000,0.000,121.000,0.761,0.043,36.000,0.226,0.026,1.000,0.006,0.019,1.000,0.006,0.100,111.000,0.698,0.045,45.000,0.283,0.027,3.000,0.019,0.028,0.000,0.000,0.000,99.000,0.623,0.047,52.000,0.327,0.028,8.000,0.050,0.032,0.000,0.000,0.000
DURANGO,96.000,0.593,0.041,64.000,0.395,0.035,2.000,0.012,0.025,0.000,0.000,0.000,93.000,0.574,0.041,65.000,0.401,0.034,4.000,0.025,0.044,0.000,0.000,0.000,86.000,0.531,0.039,68.000,0.420,0.040,8.000,0.049,0.028,0.000,0.000,0.000,92.000,0.568,0.037,63.000,0.389,0.038,6.000,0.037,0.056,1.000,0.006,0.083,94.000,0.580,0.040,61.000,0.377,0.035,7.000,0.043,0.043,0.000,0.000,0.000,112.000,0.691,0.040,48.000,0.296,0.035,2.000,0.012,0.038,0.000,0.000,0.000,101.000,0.623,0.041,57.000,0.352,0.034,4.000,0.025,0.037,0.000,0.000,0.000,87.000,0.537,0.041,65.000,0.401,0.035,9.000,0.056,0.036,1.000,0.006,0.032
ESTADO DE MÉXICO,93.000,0.578,0.039,66.000,0.410,0.036,2.000,0.012,0.025,0.000,0.000,0.000,85.000,0.528,0.038,73.000,0.453,0.038,3.000,0.019,0.033,0.000,0.000,0.000,89.000,0.553,0.040,61.000,0.379,0.036,9.000,0.056,0.032,2.000,0.012,0.037,97.000,0.602,0.039,60.000,0.373,0.036,4.000,0.025,0.037,0.000,0.000,0.000,88.000,0.547,0.038,69.000,0.429,0.040,4.000,0.025,0.025,0.000,0.000,0.000,107.000,0.665,0.038,52.000,0.323,0.038,1.000,0.006,0.019,1.000,0.006,0.100,99.000,0.615,0.040,57.000,0.354,0.034,5.000,0.031,0.047,0.000,0.000,0.000,80.000,0.497,0.038,68.000,0.422,0.037,13.000,0.081,0.053,0.000,0.000,0.000
GUANAJUATO,107.000,0.637,0.045,57.000,0.339,0.031,4.000,0.024,0.050,0.000,0.000,0.000,96.000,0.571,0.043,68.000,0.405,0.036,4.000,0.024,0.044,0.000,0.000,0.000,94.000,0.560,0.042,61.000,0.363,0.036,9.000,0.054,0.032,4.000,0.024,0.074,101.000,0.601,0.041,61.000,0.363,0.037,6.000,0.036,0.056,0.000,0.000,0.000,97.000,0.577,0.041,65.000,0.387,0.037,6.000,0.036,0.037,0.000,0.000,0.000,112.000,0.667,0.040,51.000,0.304,0.037,3.000,0.018,0.057,2.000,0.012,0.200,101.000,0.601,0.041,61.000,0.363,0.037,6.000,0.036,0.056,0.000,0.000,0.000,85.000,0.506,0.040,70.000,0.417,0.038,9.000,0.054,0.036,4.000,0.024,0.129
GUERRERO,24.000,0.571,0.010,17.000,0.405,0.009,1.000,0.024,0.013,0.000,0.000,0.000,22.000,0.524,0.010,19.000,0.452,0.010,1.000,0.024,0.011,0.000,0.000,0.000,20.000,0.476,0.009,17.000,0.405,0.010,5.000,0.119,0.018,0.000,0.000,0.000,23.000,0.548,0.009,18.000,0.429,0.011,1.000,0.024,0.009,0.000,0.000,0.000,18.000,0.429,0.008,23.000,0.548,0.013,1.000,0.024,0.006,0.000,0.000,0.000,30.000,0.714,0.011,12.000,0.286,0.009,0.000,0.000,0.000,0.000,0.000,0.000,21.000,0.500,0.008,20.000,0.476,0.012,1.000,0.024,0.009,0.000,0.000,0.000,24.000,0.571,0.011,13.000,0.310,0.007,5.000,0.119,0.020,0.000,0.000,0.000
HIDALGO,95.000,0.613,0.040,58.000,0.374,0.032,2.000,0.013,0.025,0.000,0.000,0.000,86.000,0.555,0.038,67.000,0.432,0.035,2.000,0.013,0.022,0.000,0.000,0.000,87.000,0.561,0.039,60.000,0.387,0.035,8.000,0.052,0.028,0.000,0.000,0.000,100.000,0.645,0.040,54.000,0.348,0.033,1.000,0.006,0.009,0.000,0.000,0.000,92.000,0.594,0.039,58.000,0.374,0.033,5.000,0.032,0.031,0.000,0.000,0.000,112.000,0.723,0.040,42.000,0.271,0.030,1.000,0.006,0.019,0.000,0.000,0.000,95.000,0.613,0.038,58.000,0.374,0.035,2.000,0.013,0.019,0.000,0.000,0.000,76.000,0.490,0.036,67.000,0.432,0.036,10.000,0.065,0.040,2.000,0.013,0.065
JALISCO,74.000,0.548,0.031,58.000,0.430,0.032,3.000,0.022,0.038,0.000,0.000,0.000,67.000,0.496,0.030,67.000,0.496,0.035,1.000,0.007,0.011,0.000,0.000,0.000,68.000,0.504,0.031,52.000,0.385,0.031,14.000,0.104,0.049,1.000,0.007,0.019,73.000,0.541,0.030,59.000,0.437,0.036,3.000,0.022,0.028,0.000,0.000,0.000,79.000,0.585,0.034,50.000,0.370,0.029,5.000,0.037,0.031,1.000,0.007,0.077,82.000,0.607,0.029,51.000,0.378,0.037,2.000,0.015,0.038,0.000,0.000,0.000,76.000,0.563,0.031,56.000,0.415,0.034,3.000,0.022,0.028,0.000,0.000,0.000,64.000,0.474,0.030,65.000,0.481,0.035,6.000,0.044,0.024,0.000,0.000,0.000
MICHOACÁN,15.000,0.455,0.006,17.000,0.515,0.009,1.000,0.030,0.013,0.000,0.000,0.000,10.000,0.303,0.004,21.000,0.636,0.011,2.000,0.061,0.022,0.000,0.000,0.000,11.000,0.333,0.005,14.000,0.424,0.008,4.000,0.121,0.014,4.000,0.121,0.074,12.000,0.364,0.005,19.000,0.576,0.011,2.000,0.061,0.019,0.000,0.000,0.000,14.000,0.424,0.006,15.000,0.455,0.009,4.000,0.121,0.025,0.000,0.000,0.000,16.000,0.485,0.006,16.000,0.485,0.012,1.000,0.030,0.019,0.000,0.000,0.000,11.000,0.333,0.004,20.000,0.606,0.012,2.000,0.061,0.019,0.000,0.000,0.000,13.000,0.394,0.006,16.000,0.485,0.009,3.000,0.091,0.012,1.000,0.030,0.032
MORELOS,100.000,0.565,0.042,74.000,0.418,0.041,2.000,0.011,0.025,1.000,0.006,0.250,98.000,0.554,0.044,76.000,0.429,0.040,2.000,0.011,0.022,1.000,0.006,0.250,95.000,0.537,0.043,70.000,0.395,0.041,9.000,0.051,0.032,3.000,0.017,0.056,104.000,0.588,0.042,68.000,0.384,0.041,3.000,0.017,0.028,2.000,0.011,0.167,105.000,0.593,0.045,67.000,0.379,0.039,3.000,0.017,0.019,2.000,0.011,0.154,114.000,0.644,0.041,59.000,0.333,0.043,3.000,0.017,0.057,1.000,0.006,0.100,96.000,0.542,0.039,77.000,0.435,0.046,3.000,0.017,0.028,1.000,0.006,0.333,87.000,0.492,0.041,74.000,0.418,0.040,13.000,0.073,0.053,3.000,0.017,0.097
NAYARIT,70.000,0.464,0.030,71.000,0.470,0.039,10.000,0.066,0.125,0.000,0.000,0.000,75.000,0.497,0.033,73.000,0.483,0.038,3.000,0.020,0.033,0.000,0.000,0.000,81.000,0.536,0.037,61.000,0.404,0.036,8.000,0.053,0.028,1.000,0.007,0.019,86.000,0.570,0.035,56.000,0.371,0.034,9.000,0.060,0.084,0.000,0.000,0.000,73.000,0.483,0.031,69.000,0.457,0.040,8.000,0.053,0.049,1.000,0.007,0.077,95.000,0.629,0.034,54.000,0.358,0.039,1.000,0.007,0.019,1.000,0.007,0.100,83.000,0.550,0.033,64.000,0.424,0.039,4.000,0.026,0.037,0.000,0.000,0.000,72.000,0.477,0.034,74.000,0.490,0.040,3.000,0.020,0.012,2.000,0.013,0.065
NUEVO LEÓN,19.000,0.613,0.008,11.000,0.355,0.006,1.000,0.032,0.013,0.000,0.000,0.000,22.000,0.710,0.010,8.000,0.258,0.004,1.000,0.032,0.011,0.000,0.000,0.000,22.000,0.710,0.010,6.000,0.194,0.004,3.000,0.097,0.011,0.000,0.000,0.000,20.000,0.645,0.008,11.000,0.355,0.007,0.000,0.000,0.000,0.000,0.000,0.000,21.000,0.677,0.009,9.000,0.290,0.005,1.000,0.032,0.006,0.000,0.000,0.000,24.000,0.774,0.009,7.000,0.226,0.005,0.000,0.000,0.000,0.000,0.000,0.000,19.000,0.613,0.008,10.000,0.323,0.006,2.000,0.065,0.019,0.000,0.000,0.000,19.000,0.613,0.009,11.000,0.355,0.006,1.000,0.032,0.004,0.000,0.000,0.000
PUEBLA,61.000,0.459,0.026,72.000,0.541,0.040,0.000,0.000,0.000,0.000,0.000,0.000,65.000,0.489,0.029,68.000,0.511,0.036,0.000,0.000,0.000,0.000,0.000,0.000,67.000,0.504,0.030,54.000,0.406,0.032,11.000,0.083,0.039,1.000,0.008,0.019,83.000,0.624,0.034,49.000,0.368,0.030,1.000,0.008,0.009,0.000,0.000,0.000,78.000,0.586,0.033,51.000,0.383,0.029,4.000,0.030,0.025,0.000,0.000,0.000,84.000,0.632,0.030,48.000,0.361,0.035,1.000,0.008,0.019,0.000,0.000,0.000,76.000,0.571,0.031,57.000,0.429,0.034,0.000,0.000,0.000,0.000,0.000,0.000,61.000,0.459,0.029,64.000,0.481,0.034,6.000,0.045,0.024,2.000,0.015,0.065
QUERÉTARO,97.000,0.508,0.041,87.000,0.455,0.048,6.000,0.031,0.075,1.000,0.005,0.250,93.000,0.487,0.041,91.000,0.476,0.048,6.000,0.031,0.067,1.000,0.005,0.250,81.000,0.424,0.037,84.000,0.440,0.049,21.000,0.110,0.074,5.000,0.026,0.093,98.000,0.513,0.040,81.000,0.424,0.049,9.000,0.047,0.084,3.000,0.016,0.250,95.000,0.497,0.041,79.000,0.414,0.046,14.000,0.073,0.086,3.000,0.016,0.231,110.000,0.576,0.039,76.000,0.398,0.055,3.000,0.016,0.057,2.000,0.010,0.200,95.000,0.497,0.038,83.000,0.435,0.050,12.000,0.063,0.112,1.000,0.005,0.333,76.000,0.398,0.036,95.000,0.497,0.051,15.000,0.079,0.061,5.000,0.026,0.161
QUINTANA ROO,84.000,0.494,0.036,83.000,0.488,0.046,3.000,0.018,0.038,0.000,0.000,0.000,85.000,0.500,0.038,82.000,0.482,0.043,3.000,0.018,0.033,0.000,0.000,0.000,79.000,0.465,0.036,82.000,0.482,0.048,9.000,0.053,0.032,0.000,0.000,0.000,80.000,0.471,0.032,89.000,0.524,0.054,1.000,0.006,0.009,0.000,0.000,0.000,86.000,0.506,0.037,81.000,0.476,0.047,3.000,0.018,0.019,0.000,0.000,0.000,111.000,0.653,0.040,56.000,0.329,0.041,3.000,0.018,0.057,0.000,0.000,0.000,101.000,0.594,0.041,66.000,0.388,0.040,3.000,0.018,0.028,0.000,0.000,0.000,84.000,0.494,0.040,78.000,0.459,0.042,7.000,0.041,0.028,1.000,0.006,0.032
SAN LUIS POTOSÍ,89.000,0.527,0.038,79.000,0.467,0.044,1.000,0.006,0.013,0.000,0.000,0.000,78.000,0.462,0.035,85.000,0.503,0.044,6.000,0.036,0.067,0.000,0.000,0.000,73.000,0.432,0.033,87.000,0.515,0.051,7.000,0.041,0.025,2.000,0.012,0.037,94.000,0.556,0.038,75.000,0.444,0.045,0.000,0.000,0.000,0.000,0.000,0.000,83.000,0.491,0.035,83.000,0.491,0.048,3.000,0.018,0.019,0.000,0.000,0.000,108.000,0.639,0.038,60.000,0.355,0.043,1.000,0.006,0.019,0.000,0.000,0.000,91.000,0.538,0.037,72.000,0.426,0.043,6.000,0.036,0.056,0.000,0.000,0.000,74.000,0.438,0.035,84.000,0.497,0.045,10.000,0.059,0.040,1.000,0.006,0.032
SINALOA,125.000,0.654,0.053,63.000,0.330,0.035,3.000,0.016,0.038,0.000,0.000,0.000,119.000,0.623,0.053,70.000,0.366,0.037,2.000,0.010,0.022,0.000,0.000,0.000,114.000,0.597,0.051,67.000,0.351,0.039,9.000,0.047,0.032,1.000,0.005,0.019,127.000,0.665,0.051,62.000,0.325,0.037,2.000,0.010,0.019,0.000,0.000,0.000,120.000,0.628,0.051,68.000,0.356,0.039,3.000,0.016,0.019,0.000,0.000,0.000,143.000,0.749,0.051,47.000,0.246,0.034,1.000,0.005,0.019,0.000,0.000,0.000,129.000,0.675,0.052,58.000,0.304,0.035,4.000,0.021,0.037,0.000,0.000,0.000,104.000,0.545,0.049,81.000,0.424,0.044,6.000,0.031,0.024,0.000,0.000,0.000
SONORA,100.000,0.680,0.042,43.000,0.293,0.024,3.000,0.020,0.038,1.000,0.007,0.250,88.000,0.599,0.039,54.000,0.367,0.028,4.000,0.027,0.044,1.000,0.007,0.250,86.000,0.585,0.039,53.000,0.361,0.031,6.000,0.041,0.021,2.000,0.014,0.037,94.000,0.639,0.038,49.000,0.333,0.030,3.000,0.020,0.028,1.000,0.007,0.083,99.000,0.673,0.042,43.000,0.293,0.025,4.000,0.027,0.025,1.000,0.007,0.077,102.000,0.694,0.036,44.000,0.299,0.032,0.000,0.000,0.000,1.000,0.007,0.100,100.000,0.680,0.040,41.000,0.279,0.025,5.000,0.034,0.047,1.000,0.007,0.333,86.000,0.585,0.041,53.000,0.361,0.029,7.000,0.048,0.028,1.000,0.007,0.032
TABASCO,73.000,0.562,0.031,53.000,0.408,0.029,4.000,0.031,0.050,0.000,0.000,0.000,67.000,0.515,0.030,61.000,0.469,0.032,2.000,0.015,0.022,0.000,0.000,0.000,72.000,0.554,0.032,49.000,0.377,0.029,7.000,0.054,0.025,2.000,0.015,0.037,70.000,0.538,0.028,57.000,0.438,0.034,3.000,0.023,0.028,0.000,0.000,0.000,72.000,0.554,0.031,54.000,0.415,0.031,3.000,0.023,0.019,1.000,0.008,0.077,89.000,0.685,0.032,40.000,0.308,0.029,1.000,0.008,0.019,0.000,0.000,0.000,77.000,0.592,0.031,51.000,0.392,0.031,2.000,0.015,0.019,0.000,0.000,0.000,68.000,0.523,0.032,58.000,0.446,0.031,3.000,0.023,0.012,1.000,0.008,0.032
TAMAULIPAS,75.000,0.497,0.032,76.000,0.503,0.042,0.000,0.000,0.000,0.000,0.000,0.000,72.000,0.477,0.032,74.000,0.490,0.039,5.000,0.033,0.056,0.000,0.000,0.000,69.000,0.457,0.031,63.000,0.417,0.037,14.000,0.093,0.049,5.000,0.033,0.093,84.000,0.556,0.034,65.000,0.430,0.039,0.000,0.000,0.000,2.000,0.013,0.167,75.000,0.497,0.032,71.000,0.470,0.041,5.000,0.033,0.031,0.000,0.000,0.000,97.000,0.642,0.035,49.000,0.325,0.035,5.000,0.033,0.094,0.000,0.000,0.000,88.000,0.583,0.035,60.000,0.397,0.036,3.000,0.020,0.028,0.000,0.000,0.000,73.000,0.483,0.034,66.000,0.437,0.036,11.000,0.073,0.045,1.000,0.007,0.032
TLAXCALA,77.000,0.490,0.033,78.000,0.497,0.043,2.000,0.013,0.025,0.000,0.000,0.000,68.000,0.433,0.030,86.000,0.548,0.045,3.000,0.019,0.033,0.000,0.000,0.000,73.000,0.465,0.033,70.000,0.446,0.041,13.000,0.083,0.046,1.000,0.006,0.019,87.000,0.554,0.035,63.000,0.401,0.038,6.000,0.038,0.056,1.000,0.006,0.083,87.000,0.554,0.037,61.000,0.389,0.035,8.000,0.051,0.049,1.000,0.006,0.077,92.000,0.586,0.033,64.000,0.408,0.046,1.000,0.006,0.019,0.000,0.000,0.000,84.000,0.535,0.034,71.000,0.452,0.043,2.000,0.013,0.019,0.000,0.000,0.000,72.000,0.459,0.034,76.000,0.484,0.041,8.000,0.051,0.032,1.000,0.006,0.032
VERACRUZ,55.000,0.491,0.023,53.000,0.473,0.029,4.000,0.036,0.050,0.000,0.000,0.000,53.000,0.473,0.024,54.000,0.482,0.028,5.000,0.045,0.056,0.000,0.000,0.000,52.000,0.464,0.023,48.000,0.429,0.028,11.000,0.098,0.039,1.000,0.009,0.019,69.000,0.616,0.028,38.000,0.339,0.023,5.000,0.045,0.047,0.000,0.000,0.000,62.000,0.554,0.026,46.000,0.411,0.027,4.000,0.036,0.025,0.000,0.000,0.000,74.000,0.661,0.026,36.000,0.321,0.026,2.000,0.018,0.038,0.000,0.000,0.000,57.000,0.509,0.023,54.000,0.482,0.033,1.000,0.009,0.009,0.000,0.000,0.000,53.000,0.473,0.025,49.000,0.438,0.026,10.000,0.089,0.040,0.000,0.000,0.000
YUCATÁN,56.000,0.554,0.024,42.000,0.416,0.023,3.000,0.030,0.038,0.000,0.000,0.000,53.000,0.525,0.024,45.000,0.446,0.024,3.000,0.030,0.033,0.000,0.000,0.000,52.000,0.515,0.023,41.000,0.406,0.024,4.000,0.040,0.014,4.000,0.040,0.074,51.000,0.505,0.021,45.000,0.446,0.027,5.000,0.050,0.047,0.000,0.000,0.000,53.000,0.525,0.023,44.000,0.436,0.025,4.000,0.040,0.025,0.000,0.000,0.000,61.000,0.604,0.022,37.000,0.366,0.027,3.000,0.030,0.057,0.000,0.000,0.000,56.000,0.554,0.023,43.000,0.426,0.026,2.000,0.020,0.019,0.000,0.000,0.000,45.000,0.446,0.021,49.000,0.485,0.026,7.000,0.069,0.028,0.000,0.000,0.000
ZACATECAS,95.000,0.508,0.040,88.000,0.471,0.049,3.000,0.016,0.038,1.000,0.005,0.250,87.000,0.465,0.039,96.000,0.513,0.050,4.000,0.021,0.044,0.000,0.000,0.000,94.000,0.503,0.042,78.000,0.417,0.046,13.000,0.070,0.046,2.000,0.011,0.037,100.000,0.535,0.040,82.000,0.439,0.049,5.000,0.027,0.047,0.000,0.000,0.000,94.000,0.503,0.040,83.000,0.444,0.048,9.000,0.048,0.056,1.000,0.005,0.077,114.000,0.610,0.041,69.000,0.369,0.050,4.000,0.021,0.075,0.000,0.000,0.000,111.000,0.594,0.045,74.000,0.396,0.045,2.000,0.011,0.019,0.000,0.000,0.000,88.000,0.471,0.042,85.000,0.455,0.046,13.000,0.070,0.053,1.000,0.005,0.032
Hombre,1009.000,0.545,0.428,806.000,0.435,0.444,36.000,0.019,0.450,2.000,0.001,0.500,941.000,0.508,0.419,871.000,0.470,0.456,39.000,0.021,0.433,2.000,0.001,0.500,962.000,0.519,0.434,737.000,0.398,0.434,133.000,0.072,0.470,21.000,0.011,0.389,1052.000,0.568,0.425,744.000,0.402,0.448,49.000,0.026,0.458,8.000,0.004,0.667,1019.000,0.550,0.435,762.000,0.411,0.439,66.000,0.036,0.407,6.000,0.003,0.462,1221.000,0.659,0.435,606.000,0.327,0.439,23.000,0.012,0.434,3.000,0.002,0.300,1081.000,0.583,0.435,739.000,0.399,0.445,32.000,0.017,0.299,1.000,0.001,0.333,959.000,0.518,0.453,796.000,0.430,0.429,85.000,0.046,0.344,13.000,0.007,0.419
Mujer,1346.000,0.561,0.572,1008.000,0.420,0.556,44.000,0.018,0.550,2.000,0.001,0.500,1306.000,0.544,0.581,1041.000,0.434,0.544,51.000,0.021,0.567,2.000,0.001,0.500,1256.000,0.523,0.566,961.000,0.400,0.566,150.000,0.063,0.530,33.000,0.014,0.611,1421.000,0.592,0.575,917.000,0.382,0.552,58.000,0.024,0.542,4.000,0.002,0.333,1325.000,0.552,0.565,972.000,0.405,0.561,96.000,0.040,0.593,7.000,0.003,0.538,1588.000,0.662,0.565,775.000,0.323,0.561,30.000,0.013,0.566,7.000,0.003,0.700,1402.000,0.584,0.565,921.000,0.384,0.555,75.000,0.031,0.701,2.000,0.001,0.667,1159.000,0.483,0.547,1061.000,0.442,0.571,162.000,0.068,0.656,18.000,0.008,0.581
18 a 20 años,5.000,0.500,0.002,5.000,0.500,0.003,0.000,0.000,0.000,0.000,0.000,0.000,4.000,0.400,0.002,6.000,0.600,0.003,0.000,0.000,0.000,0.000,0.000,0.000,3.000,0.300,0.001,7.000,0.700,0.004,0.000,0.000,0.000,0.000,0.000,0.000,4.000,0.400,0.002,6.000,0.600,0.004,0.000,0.000,0.000,0.000,0.000,0.000,4.000,0.400,0.002,6.000,0.600,0.003,0.000,0.000,0.000,0.000,0.000,0.000,5.000,0.500,0.002,5.000,0.500,0.004,0.000,0.000,0.000,0.000,0.000,0.000,4.000,0.400,0.002,6.000,0.600,0.004,0.000,0.000,0.000,0.000,0.000,0.000,4.000,0.400,0.002,6.000,0.600,0.003,0.000,0.000,0.000,0.000,0.000,0.000
21 a 30 años,101.000,0.493,0.043,101.000,0.493,0.056,3.000,0.015,0.038,0.000,0.000,0.000,110.000,0.537,0.049,93.000,0.454,0.049,2.000,0.010,0.022,0.000,0.000,0.000,122.000,0.595,0.055,75.000,0.366,0.044,8.000,0.039,0.028,0.000,0.000,0.000,129.000,0.629,0.052,72.000,0.351,0.043,3.000,0.015,0.028,1.000,0.005,0.083,129.000,0.629,0.055,72.000,0.351,0.042,4.000,0.020,0.025,0.000,0.000,0.000,134.000,0.654,0.048,68.000,0.332,0.049,3.000,0.015,0.057,0.000,0.000,0.000,122.000,0.595,0.049,79.000,0.385,0.048,4.000,0.020,0.037,0.000,0.000,0.000,105.000,0.512,0.050,92.000,0.449,0.050,8.000,0.039,0.032,0.000,0.000,0.000
31 a 40 años,514.000,0.518,0.218,461.000,0.464,0.254,17.000,0.017,0.213,1.000,0.001,0.250,485.000,0.488,0.216,486.000,0.489,0.254,21.000,0.021,0.233,1.000,0.001,0.250,477.000,0.480,0.215,427.000,0.430,0.251,73.000,0.074,0.258,16.000,0.016,0.296,555.000,0.559,0.224,405.000,0.408,0.244,29.000,0.029,0.271,4.000,0.004,0.333,518.000,0.522,0.221,436.000,0.439,0.251,37.000,0.037,0.228,2.000,0.002,0.154,591.000,0.595,0.210,378.000,0.381,0.274,21.000,0.021,0.396,3.000,0.003,0.300,548.000,0.552,0.221,418.000,0.421,0.252,26.000,0.026,0.243,1.000,0.001,0.333,452.000,0.455,0.213,467.000,0.470,0.251,62.000,0.062,0.251,12.000,0.012,0.387
41 a 50 años,714.000,0.568,0.303,513.000,0.408,0.283,30.000,0.024,0.375,1.000,0.001,0.250,691.000,0.549,0.308,529.000,0.421,0.277,37.000,0.029,0.411,1.000,0.001,0.250,657.000,0.522,0.296,497.000,0.395,0.293,88.000,0.070,0.311,16.000,0.013,0.296,724.000,0.576,0.293,488.000,0.388,0.294,43.000,0.034,0.402,3.000,0.002,0.250,680.000,0.541,0.290,509.000,0.405,0.294,65.000,0.052,0.401,4.000,0.003,0.308,854.000,0.679,0.304,386.000,0.307,0.280,14.000,0.011,0.264,4.000,0.003,0.400,739.000,0.587,0.298,473.000,0.376,0.285,45.000,0.036,0.421,1.000,0.001,0.333,620.000,0.493,0.293,544.000,0.432,0.293,86.000,0.068,0.348,8.000,0.006,0.258
51 a 60 años,721.000,0.572,0.306,523.000,0.415,0.288,17.000,0.013,0.213,0.000,0.000,0.000,673.000,0.534,0.300,570.000,0.452,0.298,18.000,0.014,0.200,0.000,0.000,0.000,678.000,0.538,0.306,488.000,0.387,0.287,84.000,0.067,0.297,11.000,0.009,0.204,750.000,0.595,0.303,487.000,0.386,0.293,23.000,0.018,0.215,1.000,0.001,0.083,711.000,0.564,0.303,513.000,0.407,0.296,36.000,0.029,0.222,1.000,0.001,0.077,846.000,0.671,0.301,402.000,0.319,0.291,11.000,0.009,0.208,2.000,0.002,0.200,739.000,0.586,0.298,500.000,0.397,0.301,22.000,0.017,0.206,0.000,0.000,0.000,649.000,0.515,0.306,545.000,0.432,0.293,59.000,0.047,0.239,8.000,0.006,0.258
61 a 70 años,264.000,0.569,0.112,185.000,0.399,0.102,13.000,0.028,0.163,2.000,0.004,0.500,252.000,0.543,0.112,200.000,0.431,0.105,10.000,0.022,0.111,2.000,0.004,0.500,248.000,0.534,0.112,181.000,0.390,0.107,25.000,0.054,0.088,10.000,0.022,0.185,271.000,0.584,0.110,183.000,0.394,0.110,7.000,0.015,0.065,3.000,0.006,0.250,266.000,0.573,0.113,175.000,0.377,0.101,17.000,0.037,0.105,6.000,0.013,0.462,336.000,0.724,0.120,124.000,0.267,0.090,3.000,0.006,0.057,1.000,0.002,0.100,293.000,0.631,0.118,162.000,0.349,0.098,8.000,0.017,0.075,1.000,0.002,0.333,254.000,0.547,0.120,178.000,0.384,0.096,29.000,0.063,0.117,3.000,0.006,0.097
71 a 80 años,36.000,0.581,0.015,26.000,0.419,0.014,0.000,0.000,0.000,0.000,0.000,0.000,32.000,0.516,0.014,28.000,0.452,0.015,2.000,0.032,0.022,0.000,0.000,0.000,33.000,0.532,0.015,23.000,0.371,0.014,5.000,0.081,0.018,1.000,0.016,0.019,40.000,0.645,0.016,20.000,0.323,0.012,2.000,0.032,0.019,0.000,0.000,0.000,36.000,0.581,0.015,23.000,0.371,0.013,3.000,0.048,0.019,0.000,0.000,0.000,43.000,0.694,0.015,18.000,0.290,0.013,1.000,0.016,0.019,0.000,0.000,0.000,38.000,0.613,0.015,22.000,0.355,0.013,2.000,0.032,0.019,0.000,0.000,0.000,34.000,0.548,0.016,25.000,0.403,0.013,3.000,0.048,0.012,0.000,0.000,0.000
81 a 90 años,0.000,0.000,0.000,0.000,0.000,0.000,0.000,0.000,0.000,0.000,0.000,0.000,0.000,0.000,0.000,0.000,0.000,0.000,0.000,0.000,0.000,0.000,0.000,0.000,0.000,0.000,0.000,0.000,0.000,0.000,0.000,0.000,0.000,0.000,0.000,0.000,0.000,0.000,0.000,0.000,0.000,0.000,0.000,0.000,0.000,0.000,0.000,0.000,0.000,0.000,0.000,0.000,0.000,0.000,0.000,0.000,0.000,0.000,0.000,0.000,0.000,0.000,0.000,0.000,0.000,0.000,0.000,0.000,0.000,0.000,0.000,0.000,0.000,0.000,0.000,0.000,0.000,0.000,0.000,0.000,0.000,0.000,0.000,0.000,0.000,0.000,0.000,0.000,0.000,0.000,0.000,0.000,0.000,0.000,0.000,0.000
91 a 99 años,0.000,0.000,0.000,0.000,0.000,0.000,0.000,0.000,0.000,0.000,0.000,0.000,0.000,0.000,0.000,0.000,0.000,0.000,0.000,0.000,0.000,0.000,0.000,0.000,0.000,0.000,0.000,0.000,0.000,0.000,0.000,0.000,0.000,0.000,0.000,0.000,0.000,0.000,0.000,0.000,0.000,0.000,0.000,0.000,0.000,0.000,0.000,0.000,0.000,0.000,0.000,0.000,0.000,0.000,0.000,0.000,0.000,0.000,0.000,0.000,0.000,0.000,0.000,0.000,0.000,0.000,0.000,0.000,0.000,0.000,0.000,0.000,0.000,0.000,0.000,0.000,0.000,0.000,0.000,0.000,0.000,0.000,0.000,0.000,0.000,0.000,0.000,0.000,0.000,0.000,0.000,0.000,0.000,0.000,0.000,0.000
"Preparatoria, bachillerato o carrera técnica",7.000,0.389,0.003,11.000,0.611,0.006,0.000,0.000,0.000,0.000,0.000,0.000,6.000,0.333,0.003,12.000,0.667,0.006,0.000,0.000,0.000,0.000,0.000,0.000,9.000,0.500,0.004,8.000,0.444,0.005,1.000,0.056,0.004,0.000,0.000,0.000,12.000,0.667,0.005,6.000,0.333,0.004,0.000,0.000,0.000,0.000,0.000,0.000,11.000,0.611,0.005,6.000,0.333,0.003,1.000,0.056,0.006,0.000,0.000,0.000,8.000,0.444,0.003,9.000,0.500,0.007,1.000,0.056,0.019,0.000,0.000,0.000,9.000,0.500,0.004,9.000,0.500,0.005,0.000,0.000,0.000,0.000,0.000,0.000,8.000,0.444,0.004,10.000,0.556,0.005,0.000,0.000,0.000,0.000,0.000,0.000
Normal básica sin licenciatura,35.000,0.407,0.015,50.000,0.581,0.028,1.000,0.012,0.013,0.000,0.000,0.000,29.000,0.337,0.013,56.000,0.651,0.029,1.000,0.012,0.011,0.000,0.000,0.000,38.000,0.442,0.017,41.000,0.477,0.024,7.000,0.081,0.025,0.000,0.000,0.000,43.000,0.500,0.017,42.000,0.488,0.025,1.000,0.012,0.009,0.000,0.000,0.000,38.000,0.442,0.016,43.000,0.500,0.025,5.000,0.058,0.031,0.000,0.000,0.000,42.000,0.488,0.015,41.000,0.477,0.030,3.000,0.035,0.057,0.000,0.000,0.000,35.000,0.407,0.014,49.000,0.570,0.030,2.000,0.023,0.019,0.000,0.000,0.000,24.000,0.279,0.011,53.000,0.616,0.029,9.000,0.105,0.036,0.000,0.000,0.000
Normal superior,120.000,0.496,0.051,119.000,0.492,0.066,3.000,0.012,0.038,0.000,0.000,0.000,123.000,0.508,0.055,119.000,0.492,0.062,0.000,0.000,0.000,0.000,0.000,0.000,117.000,0.483,0.053,109.000,0.450,0.064,13.000,0.054,0.046,3.000,0.012,0.056,131.000,0.541,0.053,108.000,0.446,0.065,3.000,0.012,0.028,0.000,0.000,0.000,133.000,0.550,0.057,103.000,0.426,0.059,6.000,0.025,0.037,0.000,0.000,0.000,153.000,0.632,0.054,88.000,0.364,0.064,1.000,0.004,0.019,0.000,0.000,0.000,133.000,0.550,0.054,105.000,0.434,0.063,4.000,0.017,0.037,0.000,0.000,0.000,120.000,0.496,0.057,110.000,0.455,0.059,10.000,0.041,0.040,2.000,0.008,0.065
Normal Intercultural Bilingüe,4.000,0.800,0.002,1.000,0.200,0.001,0.000,0.000,0.000,0.000,0.000,0.000,4.000,0.800,0.002,1.000,0.200,0.001,0.000,0.000,0.000,0.000,0.000,0.000,2.000,0.400,0.001,3.000,0.600,0.002,0.000,0.000,0.000,0.000,0.000,0.000,3.000,0.600,0.001,2.000,0.400,0.001,0.000,0.000,0.000,0.000,0.000,0.000,2.000,0.400,0.001,3.000,0.600,0.002,0.000,0.000,0.000,0.000,0.000,0.000,2.000,0.400,0.001,3.000,0.600,0.002,0.000,0.000,0.000,0.000,0.000,0.000,2.000,0.400,0.001,3.000,0.600,0.002,0.000,0.000,0.000,0.000,0.000,0.000,2.000,0.400,0.001,2.000,0.400,0.001,0.000,0.000,0.000,1.000,0.200,0.032
Licenciatura,971.000,0.529,0.412,829.000,0.452,0.457,34.000,0.019,0.425,0.000,0.000,0.000,926.000,0.505,0.412,870.000,0.474,0.455,38.000,0.021,0.422,0.000,0.000,0.000,946.000,0.516,0.427,748.000,0.408,0.441,122.000,0.067,0.431,18.000,0.010,0.333,1047.000,0.571,0.423,741.000,0.404,0.446,42.000,0.023,0.393,4.000,0.002,0.333,975.000,0.532,0.416,797.000,0.435,0.460,60.000,0.033,0.370,2.000,0.001,0.154,1186.000,0.647,0.422,620.000,0.338,0.449,24.000,0.013,0.453,4.000,0.002,0.400,1026.000,0.559,0.413,751.000,0.409,0.452,57.000,0.031,0.533,0.000,0.000,0.000,856.000,0.467,0.404,860.000,0.469,0.463,112.000,0.061,0.453,6.000,0.003,0.194
Especialidad,24.000,0.490,0.010,23.000,0.469,0.013,2.000,0.041,0.025,0.000,0.000,0.000,23.000,0.469,0.010,24.000,0.490,0.013,2.000,0.041,0.022,0.000,0.000,0.000,24.000,0.490,0.011,18.000,0.367,0.011,7.000,0.143,0.025,0.000,0.000,0.000,26.000,0.531,0.011,20.000,0.408,0.012,3.000,0.061,0.028,0.000,0.000,0.000,23.000,0.469,0.010,23.000,0.469,0.013,3.000,0.061,0.019,0.000,0.000,0.000,29.000,0.592,0.010,19.000,0.388,0.014,1.000,0.020,0.019,0.000,0.000,0.000,23.000,0.469,0.009,23.000,0.469,0.014,3.000,0.061,0.028,0.000,0.000,0.000,19.000,0.388,0.009,25.000,0.510,0.013,4.000,0.082,0.016,1.000,0.020,0.032
Maestría,928.000,0.591,0.394,610.000,0.389,0.336,28.000,0.018,0.350,3.000,0.002,0.750,878.000,0.560,0.391,650.000,0.414,0.340,38.000,0.024,0.422,3.000,0.002,0.750,826.000,0.526,0.372,607.000,0.387,0.357,111.000,0.071,0.392,25.000,0.016,0.463,932.000,0.594,0.377,591.000,0.377,0.356,39.000,0.025,0.364,7.000,0.004,0.583,900.000,0.574,0.384,587.000,0.374,0.339,72.000,0.046,0.444,10.000,0.006,0.769,1073.000,0.684,0.382,473.000,0.301,0.343,18.000,0.011,0.340,5.000,0.003,0.500,968.000,0.617,0.390,566.000,0.361,0.341,33.000,0.021,0.308,2.000,0.001,0.667,846.000,0.539,0.399,615.000,0.392,0.331,93.000,0.059,0.377,15.000,0.010,0.484
Doctorado,257.000,0.589,0.109,166.000,0.381,0.092,12.000,0.028,0.150,1.000,0.002,0.250,249.000,0.571,0.111,175.000,0.401,0.092,11.000,0.025,0.122,1.000,0.002,0.250,247.000,0.567,0.111,159.000,0.365,0.094,22.000,0.050,0.078,8.000,0.018,0.148,270.000,0.619,0.109,146.000,0.335,0.088,19.000,0.044,0.178,1.000,0.002,0.083,253.000,0.580,0.108,167.000,0.383,0.096,15.000,0.034,0.093,1.000,0.002,0.077,307.000,0.704,0.109,123.000,0.282,0.089,5.000,0.011,0.094,1.000,0.002,0.100,278.000,0.638,0.112,149.000,0.342,0.090,8.000,0.018,0.075,1.000,0.002,0.333,234.000,0.537,0.110,177.000,0.406,0.095,19.000,0.044,0.077,6.000,0.014,0.194
Posdoctorado,9.000,0.643,0.004,5.000,0.357,0.003,0.000,0.000,0.000,0.000,0.000,0.000,9.000,0.643,0.004,5.000,0.357,0.003,0.000,0.000,0.000,0.000,0.000,0.000,9.000,0.643,0.004,5.000,0.357,0.003,0.000,0.000,0.000,0.000,0.000,0.000,9.000,0.643,0.004,5.000,0.357,0.003,0.000,0.000,0.000,0.000,0.000,0.000,9.000,0.643,0.004,5.000,0.357,0.003,0.000,0.000,0.000,0.000,0.000,0.000,9.000,0.643,0.003,5.000,0.357,0.004,0.000,0.000,0.000,0.000,0.000,0.000,9.000,0.643,0.004,5.000,0.357,0.003,0.000,0.000,0.000,0.000,0.000,0.000,9.000,0.643,0.004,5.000,0.357,0.003,0.000,0.000,0.000,0.000,0.000,0.000
Menor o igual a 10,1603.000,0.555,0.681,1229.000,0.426,0.678,54.000,0.019,0.675,2.000,0.001,0.500,1548.000,0.536,0.689,1282.000,0.444,0.671,56.000,0.019,0.622,2.000,0.001,0.500,1524.000,0.528,0.687,1147.000,0.397,0.676,184.000,0.064,0.650,33.000,0.011,0.611,1712.000,0.593,0.692,1098.000,0.380,0.661,70.000,0.024,0.654,8.000,0.003,0.667,1613.000,0.559,0.688,1155.000,0.400,0.666,114.000,0.039,0.704,6.000,0.002,0.462,1907.000,0.660,0.679,942.000,0.326,0.682,32.000,0.011,0.604,7.000,0.002,0.700,1704.000,0.590,0.686,1108.000,0.384,0.667,74.000,0.026,0.692,2.000,0.001,0.667,1437.000,0.498,0.678,1262.000,0.437,0.680,165.000,0.057,0.668,24.000,0.008,0.774
11 a 20,511.000,0.572,0.217,366.000,0.410,0.202,15.000,0.017,0.188,1.000,0.001,0.250,473.000,0.530,0.211,392.000,0.439,0.205,26.000,0.029,0.289,2.000,0.002,0.500,459.000,0.514,0.207,358.000,0.401,0.211,64.000,0.072,0.226,12.000,0.013,0.222,497.000,0.557,0.201,369.000,0.413,0.222,26.000,0.029,0.243,1.000,0.001,0.083,483.000,0.541,0.206,376.000,0.421,0.217,32.000,0.036,0.198,2.000,0.002,0.154,605.000,0.677,0.215,268.000,0.300,0.194,17.000,0.019,0.321,3.000,0.003,0.300,523.000,0.586,0.211,343.000,0.384,0.207,26.000,0.029,0.243,1.000,0.001,0.333,446.000,0.499,0.211,387.000,0.433,0.208,54.000,0.060,0.219,6.000,0.007,0.194
21 a 30,241.000,0.511,0.102,219.000,0.464,0.121,11.000,0.023,0.138,1.000,0.002,0.250,226.000,0.479,0.101,238.000,0.504,0.124,8.000,0.017,0.089,0.000,0.000,0.000,235.000,0.498,0.106,193.000,0.409,0.114,35.000,0.074,0.124,9.000,0.019,0.167,264.000,0.559,0.107,194.000,0.411,0.117,11.000,0.023,0.103,3.000,0.006,0.250,248.000,0.525,0.106,203.000,0.430,0.117,16.000,0.034,0.099,5.000,0.011,0.385,297.000,0.629,0.106,171.000,0.362,0.124,4.000,0.008,0.075,0.000,0.000,0.000,256.000,0.542,0.103,209.000,0.443,0.126,7.000,0.015,0.065,0.000,0.000,0.000,235.000,0.498,0.111,208.000,0.441,0.112,28.000,0.059,0.113,1.000,0.002,0.032
31 a 40,0.000,0.000,0.000,0.000,0.000,0.000,0.000,0.000,0.000,0.000,0.000,0.000,0.000,0.000,0.000,0.000,0.000,0.000,0.000,0.000,0.000,0.000,0.000,0.000,0.000,0.000,0.000,0.000,0.000,0.000,0.000,0.000,0.000,0.000,0.000,0.000,0.000,0.000,0.000,0.000,0.000,0.000,0.000,0.000,0.000,0.000,0.000,0.000,0.000,0.000,0.000,0.000,0.000,0.000,0.000,0.000,0.000,0.000,0.000,0.000,0.000,0.000,0.000,0.000,0.000,0.000,0.000,0.000,0.000,0.000,0.000,0.000,0.000,0.000,0.000,0.000,0.000,0.000,0.000,0.000,0.000,0.000,0.000,0.000,0.000,0.000,0.000,0.000,0.000,0.000,0.000,0.000,0.000,0.000,0.000,0.000
41 a 50,0.000,0.000,0.000,0.000,0.000,0.000,0.000,0.000,0.000,0.000,0.000,0.000,0.000,0.000,0.000,0.000,0.000,0.000,0.000,0.000,0.000,0.000,0.000,0.000,0.000,0.000,0.000,0.000,0.000,0.000,0.000,0.000,0.000,0.000,0.000,0.000,0.000,0.000,0.000,0.000,0.000,0.000,0.000,0.000,0.000,0.000,0.000,0.000,0.000,0.000,0.000,0.000,0.000,0.000,0.000,0.000,0.000,0.000,0.000,0.000,0.000,0.000,0.000,0.000,0.000,0.000,0.000,0.000,0.000,0.000,0.000,0.000,0.000,0.000,0.000,0.000,0.000,0.000,0.000,0.000,0.000,0.000,0.000,0.000,0.000,0.000,0.000,0.000,0.000,0.000,0.000,0.000,0.000,0.000,0.000,0.000
Mayor o igual a 51,0.000,0.000,0.000,0.000,0.000,0.000,0.000,0.000,0.000,0.000,0.000,0.000,0.000,0.000,0.000,0.000,0.000,0.000,0.000,0.000,0.000,0.000,0.000,0.000,0.000,0.000,0.000,0.000,0.000,0.000,0.000,0.000,0.000,0.000,0.000,0.000,0.000,0.000,0.000,0.000,0.000,0.000,0.000,0.000,0.000,0.000,0.000,0.000,0.000,0.000,0.000,0.000,0.000,0.000,0.000,0.000,0.000,0.000,0.000,0.000,0.000,0.000,0.000,0.000,0.000,0.000,0.000,0.000,0.000,0.000,0.000,0.000,0.000,0.000,0.000,0.000,0.000,0.000,0.000,0.000,0.000,0.000,0.000,0.000,0.000,0.000,0.000,0.000,0.000,0.000,0.000,0.000,0.000,0.000,0.000,0.000
Definitivo o base,1900.000,0.568,0.807,1382.000,0.413,0.762,60.000,0.018,0.750,4.000,0.001,1.000,1807.000,0.540,0.804,1461.000,0.437,0.764,74.000,0.022,0.822,4.000,0.001,1.000,1746.000,0.522,0.787,1327.000,0.397,0.782,231.000,0.069,0.816,42.000,0.013,0.778,1957.000,0.585,0.791,1293.000,0.386,0.778,84.000,0.025,0.785,12.000,0.004,1.000,1853.000,0.554,0.791,1348.000,0.403,0.777,133.000,0.040,0.821,12.000,0.004,0.923,2249.000,0.672,0.801,1056.000,0.316,0.765,34.000,0.010,0.642,7.000,0.002,0.700,1992.000,0.595,0.802,1263.000,0.377,0.761,88.000,0.026,0.822,3.000,0.001,1.000,1705.000,0.510,0.805,1412.000,0.422,0.760,201.000,0.060,0.814,28.000,0.008,0.903
Interino,72.000,0.537,0.031,58.000,0.433,0.032,4.000,0.030,0.050,0.000,0.000,0.000,74.000,0.552,0.033,57.000,0.425,0.030,3.000,0.022,0.033,0.000,0.000,0.000,77.000,0.575,0.035,48.000,0.358,0.028,7.000,0.052,0.025,2.000,0.015,0.037,77.000,0.575,0.031,55.000,0.410,0.033,2.000,0.015,0.019,0.000,0.000,0.000,81.000,0.604,0.035,48.000,0.358,0.028,5.000,0.037,0.031,0.000,0.000,0.000,94.000,0.701,0.033,39.000,0.291,0.028,1.000,0.007,0.019,0.000,0.000,0.000,82.000,0.612,0.033,50.000,0.373,0.030,2.000,0.015,0.019,0.000,0.000,0.000,67.000,0.500,0.032,63.000,0.470,0.034,4.000,0.030,0.016,0.000,0.000,0.000
No tengo nombramiento,218.000,0.472,0.093,236.000,0.511,0.130,8.000,0.017,0.100,0.000,0.000,0.000,208.000,0.450,0.093,245.000,0.530,0.128,9.000,0.019,0.100,0.000,0.000,0.000,238.000,0.515,0.107,193.000,0.418,0.114,23.000,0.050,0.081,8.000,0.017,0.148,260.000,0.563,0.105,190.000,0.411,0.114,12.000,0.026,0.112,0.000,0.000,0.000,246.000,0.532,0.105,202.000,0.437,0.116,13.000,0.028,0.080,1.000,0.002,0.077,269.000,0.582,0.096,179.000,0.387,0.130,13.000,0.028,0.245,1.000,0.002,0.100,236.000,0.511,0.095,216.000,0.468,0.130,10.000,0.022,0.093,0.000,0.000,0.000,205.000,0.444,0.097,234.000,0.506,0.126,22.000,0.048,0.089,1.000,0.002,0.032
Otro,165.000,0.531,0.070,138.000,0.444,0.076,8.000,0.026,0.100,0.000,0.000,0.000,158.000,0.508,0.070,149.000,0.479,0.078,4.000,0.013,0.044,0.000,0.000,0.000,157.000,0.505,0.071,130.000,0.418,0.077,22.000,0.071,0.078,2.000,0.006,0.037,179.000,0.576,0.072,123.000,0.395,0.074,9.000,0.029,0.084,0.000,0.000,0.000,164.000,0.527,0.070,136.000,0.437,0.078,11.000,0.035,0.068,0.000,0.000,0.000,197.000,0.633,0.070,107.000,0.344,0.077,5.000,0.016,0.094,2.000,0.006,0.200,173.000,0.556,0.070,131.000,0.421,0.079,7.000,0.023,0.065,0.000,0.000,0.000,141.000,0.453,0.067,148.000,0.476,0.080,20.000,0.064,0.081,2.000,0.006,0.065
GENERAL PÚBLICA,1561.000,0.562,0.663,1166.000,0.419,0.643,53.000,0.019,0.663,0.000,0.000,0.000,1492.000,0.537,0.664,1233.000,0.444,0.645,54.000,0.019,0.600,1.000,0.000,0.250,1471.000,0.529,0.663,1105.000,0.397,0.651,173.000,0.062,0.611,31.000,0.011,0.574,1631.000,0.587,0.660,1073.000,0.386,0.646,73.000,0.026,0.682,3.000,0.001,0.250,1551.000,0.558,0.662,1122.000,0.404,0.647,103.000,0.037,0.636,4.000,0.001,0.308,1821.000,0.655,0.648,916.000,0.329,0.663,37.000,0.013,0.698,6.000,0.002,0.600,1632.000,0.587,0.657,1068.000,0.384,0.643,80.000,0.029,0.748,0.000,0.000,0.000,1354.000,0.487,0.639,1236.000,0.445,0.666,168.000,0.060,0.680,22.000,0.008,0.710
INDÍGENAS,168.000,0.455,0.071,193.000,0.523,0.106,7.000,0.019,0.088,1.000,0.003,0.250,159.000,0.431,0.071,195.000,0.528,0.102,14.000,0.038,0.156,1.000,0.003,0.250,170.000,0.461,0.077,168.000,0.455,0.099,27.000,0.073,0.095,4.000,0.011,0.074,190.000,0.515,0.077,166.000,0.450,0.100,10.000,0.027,0.093,3.000,0.008,0.250,179.000,0.485,0.076,173.000,0.469,0.100,15.000,0.041,0.093,2.000,0.005,0.154,226.000,0.612,0.080,138.000,0.374,0.100,4.000,0.011,0.075,1.000,0.003,0.100,189.000,0.512,0.076,170.000,0.461,0.102,9.000,0.024,0.084,1.000,0.003,0.333,168.000,0.455,0.079,181.000,0.491,0.097,17.000,0.046,0.069,3.000,0.008,0.097
TÉCNICA,341.000,0.608,0.145,203.000,0.362,0.112,14.000,0.025,0.175,3.000,0.005,0.750,323.000,0.576,0.144,225.000,0.401,0.118,11.000,0.020,0.122,2.000,0.004,0.500,308.000,0.549,0.139,199.000,0.355,0.117,44.000,0.078,0.155,10.000,0.018,0.185,333.000,0.594,0.135,211.000,0.376,0.127,12.000,0.021,0.112,5.000,0.009,0.417,319.000,0.569,0.136,219.000,0.390,0.126,17.000,0.030,0.105,6.000,0.011,0.462,402.000,0.717,0.143,154.000,0.275,0.112,3.000,0.005,0.057,2.000,0.004,0.200,352.000,0.627,0.142,197.000,0.351,0.119,10.000,0.018,0.093,2.000,0.004,0.667,317.000,0.565,0.150,205.000,0.365,0.110,37.000,0.066,0.150,2.000,0.004,0.065
TELESECUNDARIA,285.000,0.525,0.121,252.000,0.464,0.139,6.000,0.011,0.075,0.000,0.000,0.000,273.000,0.503,0.121,259.000,0.477,0.135,11.000,0.020,0.122,0.000,0.000,0.000,269.000,0.495,0.121,226.000,0.416,0.133,39.000,0.072,0.138,9.000,0.017,0.167,319.000,0.587,0.129,211.000,0.389,0.127,12.000,0.022,0.112,1.000,0.002,0.083,295.000,0.543,0.126,220.000,0.405,0.127,27.000,0.050,0.167,1.000,0.002,0.077,360.000,0.663,0.128,173.000,0.319,0.125,9.000,0.017,0.170,1.000,0.002,0.100,310.000,0.571,0.125,225.000,0.414,0.136,8.000,0.015,0.075,0.000,0.000,0.000,279.000,0.514,0.132,235.000,0.433,0.127,25.000,0.046,0.101,4.000,0.007,0.129
Total,2355.000,0.554,1.000,1814.000,0.427,1.000,80.000,0.019,1.000,4.000,0.001,1.000,2247.000,0.528,1.000,1912.000,0.450,1.000,90.000,0.021,1.000,4.000,0.001,1.000,2218.000,0.522,1.000,1698.000,0.399,1.000,283.000,0.067,1.000,54.000,0.013,1.000,2473.000,0.581,1.000,1661.000,0.391,1.000,107.000,0.025,1.000,12.000,0.003,1.000,2344.000,0.551,1.000,1734.000,0.408,1.000,162.000,0.038,1.000,13.000,0.003,1.000,2809.000,0.660,1.000,1381.000,0.325,1.000,53.000,0.012,1.000,10.000,0.002,1.000,2483.000,0.584,1.000,1660.000,0.390,1.000,107.000,0.025,1.000,3.000,0.001,1.000,2118.000,0.498,1.000,1857.000,0.437,1.000,247.000,0.058,1.000,31.000,0.007,1.000
