Entidad,B6-A-Totalmente de acuerdo-Recuento,B6-A-Totalmente de acuerdo-% del N de fila,B6-A-Totalmente de acuerdo-% de N columnas,B6-A-De acuerdo-Recuento,B6-A-De acuerdo-% del N de fila,B6-A-De acuerdo-% de N columnas,B6-A-En desacuerdo-Recuento,B6-A-En desacuerdo-% del N de fila,B6-A-En desacuerdo-% de N columnas,B6-A-Totalmente en desacuerdo-Recuento,B6-A-Totalmente en desacuerdo-% del N de fila,B6-A-Totalmente en desacuerdo-% de N columnas,B6-A-No sé o no estoy seguro-Recuento,B6-A-No sé o no estoy seguro-% del N de fila,B6-A-No sé o no estoy seguro-% de N columnas,B6-B-Totalmente de acuerdo-Recuento,B6-B-Totalmente de acuerdo-% del N de fila,B6-B-Totalmente de acuerdo-% de N columnas,B6-B-De acuerdo-Recuento,B6-B-De acuerdo-% del N de fila,B6-B-De acuerdo-% de N columnas,B6-B-En desacuerdo-Recuento,B6-B-En desacuerdo-% del N de fila,B6-B-En desacuerdo-% de N columnas,B6-B-Totalmente en desacuerdo-Recuento,B6-B-Totalmente en desacuerdo-% del N de fila,B6-B-Totalmente en desacuerdo-% de N columnas,B6-B-No sé o no estoy seguro-Recuento,B6-B-No sé o no estoy seguro-% del N de fila,B6-B-No sé o no estoy seguro-% de N columnas,B6-C-Totalmente de acuerdo-Recuento,B6-C-Totalmente de acuerdo-% del N de fila,B6-C-Totalmente de acuerdo-% de N columnas,B6-C-De acuerdo-Recuento,B6-C-De acuerdo-% del N de fila,B6-C-De acuerdo-% de N columnas,B6-C-En desacuerdo-Recuento,B6-C-En desacuerdo-% del N de fila,B6-C-En desacuerdo-% de N columnas,B6-C-Totalmente en desacuerdo-Recuento,B6-C-Totalmente en desacuerdo-% del N de fila,B6-C-Totalmente en desacuerdo-% de N columnas,B6-C-No sé o no estoy seguro-Recuento,B6-C-No sé o no estoy seguro-% del N de fila,B6-C-No sé o no estoy seguro-% de N columnas,B6-D-Totalmente de acuerdo-Recuento,B6-D-Totalmente de acuerdo-% del N de fila,B6-D-Totalmente de acuerdo-% de N columnas,B6-D-De acuerdo-Recuento,B6-D-De acuerdo-% del N de fila,B6-D-De acuerdo-% de N columnas,B6-D-En desacuerdo-Recuento,B6-D-En desacuerdo-% del N de fila,B6-D-En desacuerdo-% de N columnas,B6-D-Totalmente en desacuerdo-Recuento,B6-D-Totalmente en desacuerdo-% del N de fila,B6-D-Totalmente en desacuerdo-% de N columnas,B6-D-No sé o no estoy seguro-Recuento,B6-D-No sé o no estoy seguro-% del N de fila,B6-D-No sé o no estoy seguro-% de N columnas,B6-E-Totalmente de acuerdo-Recuento,B6-E-Totalmente de acuerdo-% del N de fila,B6-E-Totalmente de acuerdo-% de N columnas,B6-E-De acuerdo-Recuento,B6-E-De acuerdo-% del N de fila,B6-E-De acuerdo-% de N columnas,B6-E-En desacuerdo-Recuento,B6-E-En desacuerdo-% del N de fila,B6-E-En desacuerdo-% de N columnas,B6-E-Totalmente en desacuerdo-Recuento,B6-E-Totalmente en desacuerdo-% del N de fila,B6-E-Totalmente en desacuerdo-% de N columnas,B6-E-No sé o no estoy seguro-Recuento,B6-E-No sé o no estoy seguro-% del N de fila,B6-E-No sé o no estoy seguro-% de N columnas,B6-F-Totalmente de acuerdo-Recuento,B6-F-Totalmente de acuerdo-% del N de fila,B6-F-Totalmente de acuerdo-% de N columnas,B6-F-De acuerdo-Recuento,B6-F-De acuerdo-% del N de fila,B6-F-De acuerdo-% de N columnas,B6-F-En desacuerdo-Recuento,B6-F-En desacuerdo-% del N de fila,B6-F-En desacuerdo-% de N columnas,B6-F-Totalmente en desacuerdo-Recuento,B6-F-Totalmente en desacuerdo-% del N de fila,B6-F-Totalmente en desacuerdo-% de N columnas,B6-F-No sé o no estoy seguro-Recuento,B6-F-No sé o no estoy seguro-% del N de fila,B6-F-No sé o no estoy seguro-% de N columnas,B6-G-Totalmente de acuerdo-Recuento,B6-G-Totalmente de acuerdo-% del N de fila,B6-G-Totalmente de acuerdo-% de N columnas,B6-G-De acuerdo-Recuento,B6-G-De acuerdo-% del N de fila,B6-G-De acuerdo-% de N columnas,B6-G-En desacuerdo-Recuento,B6-G-En desacuerdo-% del N de fila,B6-G-En desacuerdo-% de N columnas,B6-G-Totalmente en desacuerdo-Recuento,B6-G-Totalmente en desacuerdo-% del N de fila,B6-G-Totalmente en desacuerdo-% de N columnas,B6-G-No sé o no estoy seguro-Recuento,B6-G-No sé o no estoy seguro-% del N de fila,B6-G-No sé o no estoy seguro-% de N columnas,B6-H-Totalmente de acuerdo-Recuento,B6-H-Totalmente de acuerdo-% del N de fila,B6-H-Totalmente de acuerdo-% de N columnas,B6-H-De acuerdo-Recuento,B6-H-De acuerdo-% del N de fila,B6-H-De acuerdo-% de N columnas,B6-H-En desacuerdo-Recuento,B6-H-En desacuerdo-% del N de fila,B6-H-En desacuerdo-% de N columnas,B6-H-Totalmente en desacuerdo-Recuento,B6-H-Totalmente en desacuerdo-% del N de fila,B6-H-Totalmente en desacuerdo-% de N columnas,B6-H-No sé o no estoy seguro-Recuento,B6-H-No sé o no estoy seguro-% del N de fila,B6-H-No sé o no estoy seguro-% de N columnas,B6-I-Totalmente de acuerdo-Recuento,B6-I-Totalmente de acuerdo-% del N de fila,B6-I-Totalmente de acuerdo-% de N columnas,B6-I-De acuerdo-Recuento,B6-I-De acuerdo-% del N de fila,B6-I-De acuerdo-% de N columnas,B6-I-En desacuerdo-Recuento,B6-I-En desacuerdo-% del N de fila,B6-I-En desacuerdo-% de N columnas,B6-I-Totalmente en desacuerdo-Recuento,B6-I-Totalmente en desacuerdo-% del N de fila,B6-I-Totalmente en desacuerdo-% de N columnas,B6-I-No sé o no estoy seguro-Recuento,B6-I-No sé o no estoy seguro-% del N de fila,B6-I-No sé o no estoy seguro-% de N columnas
AGUASCALIENTES,62.000,0.212,0.060,187.000,0.638,0.057,18.000,0.061,0.034,1.000,0.003,0.014,25.000,0.085,0.064,77.000,0.263,0.057,177.000,0.604,0.053,19.000,0.065,0.053,2.000,0.007,0.043,18.000,0.061,0.079,100.000,0.341,0.056,174.000,0.594,0.055,10.000,0.034,0.039,2.000,0.007,0.063,7.000,0.024,0.072,120.000,0.410,0.055,162.000,0.553,0.056,6.000,0.020,0.040,0.000,0.000,0.000,5.000,0.017,0.063,64.000,0.218,0.049,202.000,0.689,0.059,8.000,0.027,0.030,1.000,0.003,0.056,18.000,0.061,0.054,102.000,0.348,0.049,171.000,0.584,0.058,13.000,0.044,0.060,1.000,0.003,0.036,6.000,0.020,0.074,133.000,0.454,0.051,156.000,0.532,0.059,2.000,0.007,0.043,0.000,0.000,0.000,2.000,0.007,0.067,85.000,0.290,0.049,172.000,0.587,0.056,17.000,0.058,0.062,1.000,0.003,0.034,18.000,0.061,0.078,78.000,0.266,0.057,182.000,0.621,0.056,15.000,0.051,0.046,0.000,0.000,0.000,18.000,0.061,0.051
BAJA CALIFORNIA,5.000,0.122,0.005,24.000,0.585,0.007,7.000,0.171,0.013,0.000,0.000,0.000,5.000,0.122,0.013,7.000,0.171,0.005,29.000,0.707,0.009,2.000,0.049,0.006,0.000,0.000,0.000,3.000,0.073,0.013,14.000,0.341,0.008,25.000,0.610,0.008,1.000,0.024,0.004,0.000,0.000,0.000,1.000,0.024,0.010,16.000,0.390,0.007,24.000,0.585,0.008,0.000,0.000,0.000,0.000,0.000,0.000,1.000,0.024,0.013,10.000,0.244,0.008,25.000,0.610,0.007,4.000,0.098,0.015,0.000,0.000,0.000,2.000,0.049,0.006,15.000,0.366,0.007,26.000,0.634,0.009,0.000,0.000,0.000,0.000,0.000,0.000,0.000,0.000,0.000,24.000,0.585,0.009,16.000,0.390,0.006,0.000,0.000,0.000,0.000,0.000,0.000,1.000,0.024,0.033,18.000,0.439,0.010,19.000,0.463,0.006,2.000,0.049,0.007,0.000,0.000,0.000,2.000,0.049,0.009,12.000,0.293,0.009,23.000,0.561,0.007,3.000,0.073,0.009,0.000,0.000,0.000,3.000,0.073,0.008
BAJA CALIFORNIA SUR,31.000,0.146,0.030,148.000,0.698,0.045,18.000,0.085,0.034,2.000,0.009,0.029,13.000,0.061,0.033,62.000,0.292,0.046,137.000,0.646,0.041,6.000,0.028,0.017,0.000,0.000,0.000,7.000,0.033,0.031,76.000,0.358,0.042,124.000,0.585,0.039,7.000,0.033,0.027,0.000,0.000,0.000,5.000,0.024,0.052,105.000,0.495,0.048,101.000,0.476,0.035,3.000,0.014,0.020,0.000,0.000,0.000,3.000,0.014,0.038,46.000,0.217,0.035,146.000,0.689,0.043,5.000,0.024,0.019,1.000,0.005,0.056,14.000,0.066,0.042,86.000,0.406,0.041,117.000,0.552,0.040,5.000,0.024,0.023,0.000,0.000,0.000,4.000,0.019,0.049,119.000,0.561,0.045,91.000,0.429,0.035,0.000,0.000,0.000,0.000,0.000,0.000,2.000,0.009,0.067,76.000,0.358,0.044,123.000,0.580,0.040,7.000,0.033,0.026,1.000,0.005,0.034,5.000,0.024,0.022,53.000,0.250,0.039,127.000,0.599,0.039,16.000,0.075,0.049,0.000,0.000,0.000,16.000,0.075,0.045
CAMPECHE,31.000,0.166,0.030,115.000,0.615,0.035,28.000,0.150,0.052,3.000,0.016,0.043,10.000,0.053,0.026,40.000,0.214,0.029,121.000,0.647,0.036,16.000,0.086,0.045,3.000,0.016,0.065,7.000,0.037,0.031,58.000,0.310,0.032,118.000,0.631,0.037,7.000,0.037,0.027,2.000,0.011,0.063,2.000,0.011,0.021,65.000,0.348,0.030,110.000,0.588,0.038,9.000,0.048,0.060,3.000,0.016,0.158,0.000,0.000,0.000,40.000,0.214,0.031,126.000,0.674,0.037,8.000,0.043,0.030,1.000,0.005,0.056,12.000,0.064,0.036,65.000,0.348,0.031,113.000,0.604,0.039,6.000,0.032,0.028,1.000,0.005,0.036,2.000,0.011,0.025,83.000,0.444,0.032,99.000,0.529,0.038,2.000,0.011,0.043,2.000,0.011,0.125,1.000,0.005,0.033,54.000,0.289,0.031,109.000,0.583,0.035,11.000,0.059,0.040,0.000,0.000,0.000,13.000,0.070,0.057,42.000,0.225,0.031,122.000,0.652,0.038,13.000,0.070,0.040,0.000,0.000,0.000,10.000,0.053,0.028
CHIAPAS,5.000,0.083,0.005,41.000,0.683,0.012,6.000,0.100,0.011,0.000,0.000,0.000,8.000,0.133,0.020,8.000,0.133,0.006,32.000,0.533,0.010,9.000,0.150,0.025,1.000,0.017,0.022,10.000,0.167,0.044,9.000,0.150,0.005,40.000,0.667,0.013,7.000,0.117,0.027,1.000,0.017,0.031,3.000,0.050,0.031,14.000,0.233,0.006,34.000,0.567,0.012,7.000,0.117,0.047,0.000,0.000,0.000,5.000,0.083,0.063,8.000,0.133,0.006,35.000,0.583,0.010,7.000,0.117,0.026,0.000,0.000,0.000,10.000,0.167,0.030,22.000,0.367,0.011,37.000,0.617,0.013,1.000,0.017,0.005,0.000,0.000,0.000,0.000,0.000,0.000,20.000,0.333,0.008,40.000,0.667,0.015,0.000,0.000,0.000,0.000,0.000,0.000,0.000,0.000,0.000,17.000,0.283,0.010,31.000,0.517,0.010,6.000,0.100,0.022,0.000,0.000,0.000,6.000,0.100,0.026,9.000,0.150,0.007,38.000,0.633,0.012,5.000,0.083,0.015,1.000,0.017,0.026,7.000,0.117,0.020
CHIHUAHUA,39.000,0.152,0.038,161.000,0.629,0.049,26.000,0.102,0.049,7.000,0.027,0.100,23.000,0.090,0.059,63.000,0.246,0.046,169.000,0.660,0.051,13.000,0.051,0.036,1.000,0.004,0.022,10.000,0.039,0.044,83.000,0.324,0.046,161.000,0.629,0.051,11.000,0.043,0.043,0.000,0.000,0.000,1.000,0.004,0.010,119.000,0.465,0.055,132.000,0.516,0.045,4.000,0.016,0.027,1.000,0.004,0.053,0.000,0.000,0.000,77.000,0.301,0.059,155.000,0.605,0.046,12.000,0.047,0.045,1.000,0.004,0.056,11.000,0.043,0.033,89.000,0.348,0.043,143.000,0.559,0.049,17.000,0.066,0.078,1.000,0.004,0.036,6.000,0.023,0.074,131.000,0.512,0.050,121.000,0.473,0.046,2.000,0.008,0.043,1.000,0.004,0.063,1.000,0.004,0.033,88.000,0.344,0.051,145.000,0.566,0.047,10.000,0.039,0.037,2.000,0.008,0.069,11.000,0.043,0.048,73.000,0.285,0.053,143.000,0.559,0.044,18.000,0.070,0.055,1.000,0.004,0.026,21.000,0.082,0.059
CIUDAD DE MÉXICO,33.000,0.137,0.032,151.000,0.627,0.046,34.000,0.141,0.064,3.000,0.012,0.043,20.000,0.083,0.051,58.000,0.241,0.043,148.000,0.614,0.044,23.000,0.095,0.064,0.000,0.000,0.000,12.000,0.050,0.053,79.000,0.328,0.044,134.000,0.556,0.042,19.000,0.079,0.075,2.000,0.008,0.063,7.000,0.029,0.072,97.000,0.402,0.045,131.000,0.544,0.045,9.000,0.037,0.060,1.000,0.004,0.053,3.000,0.012,0.038,48.000,0.199,0.037,159.000,0.660,0.047,15.000,0.062,0.057,0.000,0.000,0.000,19.000,0.079,0.057,102.000,0.423,0.049,122.000,0.506,0.042,13.000,0.054,0.060,0.000,0.000,0.000,4.000,0.017,0.049,125.000,0.519,0.048,115.000,0.477,0.044,1.000,0.004,0.021,0.000,0.000,0.000,0.000,0.000,0.000,66.000,0.274,0.038,141.000,0.585,0.046,20.000,0.083,0.073,1.000,0.004,0.034,13.000,0.054,0.057,46.000,0.191,0.034,149.000,0.618,0.046,21.000,0.087,0.065,2.000,0.008,0.051,23.000,0.095,0.065
COAHUILA,15.000,0.181,0.014,48.000,0.578,0.015,13.000,0.157,0.024,1.000,0.012,0.014,6.000,0.072,0.015,18.000,0.217,0.013,55.000,0.663,0.016,5.000,0.060,0.014,1.000,0.012,0.022,4.000,0.048,0.018,19.000,0.229,0.011,54.000,0.651,0.017,6.000,0.072,0.024,2.000,0.024,0.063,2.000,0.024,0.021,27.000,0.325,0.012,51.000,0.614,0.017,2.000,0.024,0.013,1.000,0.012,0.053,2.000,0.024,0.025,17.000,0.205,0.013,54.000,0.651,0.016,5.000,0.060,0.019,0.000,0.000,0.000,7.000,0.084,0.021,29.000,0.349,0.014,44.000,0.530,0.015,5.000,0.060,0.023,1.000,0.012,0.036,4.000,0.048,0.049,32.000,0.386,0.012,48.000,0.578,0.018,1.000,0.012,0.021,1.000,0.012,0.063,1.000,0.012,0.033,27.000,0.325,0.016,45.000,0.542,0.015,7.000,0.084,0.026,2.000,0.024,0.069,2.000,0.024,0.009,17.000,0.205,0.012,50.000,0.602,0.015,7.000,0.084,0.022,4.000,0.048,0.103,5.000,0.060,0.014
COLIMA,48.000,0.242,0.046,117.000,0.591,0.035,16.000,0.081,0.030,3.000,0.015,0.043,14.000,0.071,0.036,51.000,0.258,0.037,111.000,0.561,0.033,24.000,0.121,0.067,2.000,0.010,0.043,10.000,0.051,0.044,73.000,0.369,0.041,108.000,0.545,0.034,12.000,0.061,0.047,2.000,0.010,0.063,3.000,0.015,0.031,90.000,0.455,0.041,100.000,0.505,0.034,5.000,0.025,0.034,1.000,0.005,0.053,2.000,0.010,0.025,61.000,0.308,0.047,116.000,0.586,0.034,7.000,0.035,0.026,0.000,0.000,0.000,14.000,0.071,0.042,89.000,0.447,0.043,99.000,0.497,0.034,6.000,0.030,0.028,1.000,0.005,0.036,4.000,0.020,0.049,106.000,0.533,0.040,90.000,0.452,0.034,0.000,0.000,0.000,0.000,0.000,0.000,3.000,0.015,0.100,67.000,0.337,0.039,106.000,0.533,0.034,14.000,0.070,0.051,1.000,0.005,0.034,11.000,0.055,0.048,48.000,0.241,0.035,125.000,0.628,0.038,12.000,0.060,0.037,1.000,0.005,0.026,13.000,0.065,0.037
DURANGO,55.000,0.206,0.053,179.000,0.670,0.054,17.000,0.064,0.032,2.000,0.007,0.029,14.000,0.052,0.036,66.000,0.247,0.048,168.000,0.629,0.050,20.000,0.075,0.056,0.000,0.000,0.000,13.000,0.049,0.057,91.000,0.341,0.051,153.000,0.573,0.048,19.000,0.071,0.075,1.000,0.004,0.031,3.000,0.011,0.031,111.000,0.416,0.051,148.000,0.554,0.051,3.000,0.011,0.020,0.000,0.000,0.000,5.000,0.019,0.063,61.000,0.228,0.047,182.000,0.682,0.053,10.000,0.037,0.038,0.000,0.000,0.000,14.000,0.052,0.042,114.000,0.427,0.055,140.000,0.524,0.048,8.000,0.030,0.037,1.000,0.004,0.036,4.000,0.015,0.049,137.000,0.513,0.052,124.000,0.464,0.047,1.000,0.004,0.021,1.000,0.004,0.063,4.000,0.015,0.133,97.000,0.363,0.056,147.000,0.551,0.048,11.000,0.041,0.040,0.000,0.000,0.000,12.000,0.045,0.052,75.000,0.281,0.055,163.000,0.610,0.050,10.000,0.037,0.031,1.000,0.004,0.026,18.000,0.067,0.051
ESTADO DE MÉXICO,44.000,0.239,0.042,109.000,0.592,0.033,17.000,0.092,0.032,1.000,0.005,0.014,13.000,0.071,0.033,54.000,0.293,0.040,111.000,0.603,0.033,14.000,0.076,0.039,0.000,0.000,0.000,5.000,0.027,0.022,60.000,0.326,0.033,115.000,0.625,0.036,5.000,0.027,0.020,0.000,0.000,0.000,4.000,0.022,0.041,83.000,0.451,0.038,94.000,0.511,0.032,5.000,0.027,0.034,0.000,0.000,0.000,2.000,0.011,0.025,52.000,0.283,0.040,119.000,0.647,0.035,4.000,0.022,0.015,0.000,0.000,0.000,9.000,0.049,0.027,84.000,0.457,0.040,92.000,0.500,0.031,7.000,0.038,0.032,0.000,0.000,0.000,1.000,0.005,0.012,92.000,0.500,0.035,88.000,0.478,0.034,2.000,0.011,0.043,0.000,0.000,0.000,2.000,0.011,0.067,66.000,0.359,0.038,98.000,0.533,0.032,9.000,0.049,0.033,1.000,0.005,0.034,10.000,0.054,0.043,51.000,0.277,0.037,114.000,0.620,0.035,10.000,0.054,0.031,0.000,0.000,0.000,9.000,0.049,0.025
GUANAJUATO,65.000,0.256,0.063,151.000,0.594,0.046,29.000,0.114,0.054,1.000,0.004,0.014,8.000,0.031,0.020,88.000,0.346,0.065,151.000,0.594,0.045,9.000,0.035,0.025,3.000,0.012,0.065,3.000,0.012,0.013,110.000,0.433,0.061,133.000,0.524,0.042,6.000,0.024,0.024,1.000,0.004,0.031,4.000,0.016,0.041,113.000,0.445,0.052,137.000,0.539,0.047,2.000,0.008,0.013,1.000,0.004,0.053,1.000,0.004,0.013,78.000,0.307,0.059,155.000,0.610,0.046,12.000,0.047,0.045,1.000,0.004,0.056,8.000,0.031,0.024,109.000,0.429,0.052,134.000,0.528,0.046,9.000,0.035,0.041,0.000,0.000,0.000,2.000,0.008,0.025,127.000,0.500,0.048,124.000,0.488,0.047,1.000,0.004,0.021,1.000,0.004,0.063,1.000,0.004,0.033,93.000,0.366,0.054,147.000,0.579,0.048,8.000,0.031,0.029,1.000,0.004,0.034,5.000,0.020,0.022,82.000,0.323,0.060,147.000,0.579,0.045,10.000,0.039,0.031,4.000,0.016,0.103,11.000,0.043,0.031
GUERRERO,3.000,0.167,0.003,15.000,0.833,0.005,0.000,0.000,0.000,0.000,0.000,0.000,0.000,0.000,0.000,4.000,0.222,0.003,13.000,0.722,0.004,1.000,0.056,0.003,0.000,0.000,0.000,0.000,0.000,0.000,4.000,0.222,0.002,13.000,0.722,0.004,1.000,0.056,0.004,0.000,0.000,0.000,0.000,0.000,0.000,5.000,0.278,0.002,11.000,0.611,0.004,1.000,0.056,0.007,0.000,0.000,0.000,1.000,0.056,0.013,4.000,0.222,0.003,12.000,0.667,0.004,1.000,0.056,0.004,0.000,0.000,0.000,1.000,0.056,0.003,4.000,0.222,0.002,13.000,0.722,0.004,0.000,0.000,0.000,1.000,0.056,0.036,0.000,0.000,0.000,5.000,0.278,0.002,13.000,0.722,0.005,0.000,0.000,0.000,0.000,0.000,0.000,0.000,0.000,0.000,4.000,0.222,0.002,13.000,0.722,0.004,1.000,0.056,0.004,0.000,0.000,0.000,0.000,0.000,0.000,5.000,0.278,0.004,12.000,0.667,0.004,1.000,0.056,0.003,0.000,0.000,0.000,0.000,0.000,0.000
HIDALGO,27.000,0.155,0.026,110.000,0.632,0.033,19.000,0.109,0.036,3.000,0.017,0.043,15.000,0.086,0.038,44.000,0.253,0.032,109.000,0.626,0.033,15.000,0.086,0.042,2.000,0.011,0.043,4.000,0.023,0.018,57.000,0.328,0.032,98.000,0.563,0.031,10.000,0.057,0.039,4.000,0.023,0.125,5.000,0.029,0.052,66.000,0.379,0.030,97.000,0.557,0.033,5.000,0.029,0.034,1.000,0.006,0.053,5.000,0.029,0.063,39.000,0.224,0.030,107.000,0.615,0.031,14.000,0.080,0.053,3.000,0.017,0.167,11.000,0.063,0.033,62.000,0.356,0.030,100.000,0.575,0.034,9.000,0.052,0.041,1.000,0.006,0.036,2.000,0.011,0.025,83.000,0.477,0.032,88.000,0.506,0.034,2.000,0.011,0.043,1.000,0.006,0.063,0.000,0.000,0.000,54.000,0.310,0.031,103.000,0.592,0.033,12.000,0.069,0.044,1.000,0.006,0.034,4.000,0.023,0.017,46.000,0.264,0.034,108.000,0.621,0.033,10.000,0.057,0.031,0.000,0.000,0.000,10.000,0.057,0.028
JALISCO,27.000,0.147,0.026,113.000,0.614,0.034,23.000,0.125,0.043,2.000,0.011,0.029,19.000,0.103,0.049,47.000,0.255,0.035,123.000,0.668,0.037,8.000,0.043,0.022,1.000,0.005,0.022,5.000,0.027,0.022,63.000,0.342,0.035,109.000,0.592,0.035,7.000,0.038,0.027,0.000,0.000,0.000,5.000,0.027,0.052,69.000,0.375,0.032,107.000,0.582,0.037,5.000,0.027,0.034,0.000,0.000,0.000,3.000,0.016,0.038,46.000,0.250,0.035,119.000,0.647,0.035,7.000,0.038,0.026,1.000,0.005,0.056,11.000,0.060,0.033,79.000,0.429,0.038,99.000,0.538,0.034,4.000,0.022,0.018,0.000,0.000,0.000,2.000,0.011,0.025,93.000,0.505,0.035,90.000,0.489,0.034,1.000,0.005,0.021,0.000,0.000,0.000,0.000,0.000,0.000,57.000,0.310,0.033,112.000,0.609,0.036,6.000,0.033,0.022,0.000,0.000,0.000,9.000,0.049,0.039,39.000,0.212,0.029,118.000,0.641,0.036,11.000,0.060,0.034,1.000,0.005,0.026,15.000,0.082,0.042
MICHOACÁN,9.000,0.191,0.009,25.000,0.532,0.008,5.000,0.106,0.009,0.000,0.000,0.000,8.000,0.170,0.020,7.000,0.149,0.005,35.000,0.745,0.010,0.000,0.000,0.000,1.000,0.021,0.022,4.000,0.085,0.018,10.000,0.213,0.006,36.000,0.766,0.011,0.000,0.000,0.000,0.000,0.000,0.000,1.000,0.021,0.010,15.000,0.319,0.007,31.000,0.660,0.011,0.000,0.000,0.000,0.000,0.000,0.000,1.000,0.021,0.013,10.000,0.213,0.008,29.000,0.617,0.009,1.000,0.021,0.004,0.000,0.000,0.000,7.000,0.149,0.021,17.000,0.362,0.008,28.000,0.596,0.010,1.000,0.021,0.005,0.000,0.000,0.000,1.000,0.021,0.012,25.000,0.532,0.010,22.000,0.468,0.008,0.000,0.000,0.000,0.000,0.000,0.000,0.000,0.000,0.000,11.000,0.234,0.006,32.000,0.681,0.010,3.000,0.064,0.011,0.000,0.000,0.000,1.000,0.021,0.004,9.000,0.191,0.007,28.000,0.596,0.009,4.000,0.085,0.012,0.000,0.000,0.000,6.000,0.128,0.017
MORELOS,35.000,0.210,0.034,115.000,0.689,0.035,5.000,0.030,0.009,1.000,0.006,0.014,11.000,0.066,0.028,52.000,0.311,0.038,103.000,0.617,0.031,7.000,0.042,0.020,1.000,0.006,0.022,4.000,0.024,0.018,60.000,0.359,0.033,101.000,0.605,0.032,3.000,0.018,0.012,0.000,0.000,0.000,3.000,0.018,0.031,71.000,0.425,0.033,90.000,0.539,0.031,3.000,0.018,0.020,0.000,0.000,0.000,3.000,0.018,0.038,41.000,0.246,0.031,111.000,0.665,0.033,10.000,0.060,0.038,0.000,0.000,0.000,5.000,0.030,0.015,70.000,0.419,0.034,88.000,0.527,0.030,6.000,0.036,0.028,1.000,0.006,0.036,2.000,0.012,0.025,83.000,0.497,0.032,82.000,0.491,0.031,1.000,0.006,0.021,1.000,0.006,0.063,0.000,0.000,0.000,56.000,0.335,0.033,99.000,0.593,0.032,5.000,0.030,0.018,1.000,0.006,0.034,6.000,0.036,0.026,47.000,0.281,0.034,102.000,0.611,0.031,7.000,0.042,0.022,1.000,0.006,0.026,10.000,0.060,0.028
NAYARIT,36.000,0.190,0.035,123.000,0.651,0.037,16.000,0.085,0.030,1.000,0.005,0.014,13.000,0.069,0.033,49.000,0.259,0.036,126.000,0.667,0.038,7.000,0.037,0.020,0.000,0.000,0.000,7.000,0.037,0.031,64.000,0.339,0.036,109.000,0.577,0.035,10.000,0.053,0.039,0.000,0.000,0.000,6.000,0.032,0.062,81.000,0.429,0.037,99.000,0.524,0.034,2.000,0.011,0.013,1.000,0.005,0.053,6.000,0.032,0.075,49.000,0.259,0.037,117.000,0.619,0.034,8.000,0.042,0.030,0.000,0.000,0.000,15.000,0.079,0.045,82.000,0.434,0.039,92.000,0.487,0.031,10.000,0.053,0.046,0.000,0.000,0.000,5.000,0.026,0.062,108.000,0.571,0.041,78.000,0.413,0.030,2.000,0.011,0.043,1.000,0.005,0.063,0.000,0.000,0.000,64.000,0.339,0.037,110.000,0.582,0.036,7.000,0.037,0.026,0.000,0.000,0.000,8.000,0.042,0.035,46.000,0.243,0.034,119.000,0.630,0.037,12.000,0.063,0.037,0.000,0.000,0.000,12.000,0.063,0.034
NUEVO LEÓN,3.000,0.091,0.003,22.000,0.667,0.007,6.000,0.182,0.011,0.000,0.000,0.000,2.000,0.061,0.005,9.000,0.273,0.007,21.000,0.636,0.006,3.000,0.091,0.008,0.000,0.000,0.000,0.000,0.000,0.000,11.000,0.333,0.006,17.000,0.515,0.005,4.000,0.121,0.016,0.000,0.000,0.000,1.000,0.030,0.010,13.000,0.394,0.006,17.000,0.515,0.006,3.000,0.091,0.020,0.000,0.000,0.000,0.000,0.000,0.000,8.000,0.242,0.006,21.000,0.636,0.006,1.000,0.030,0.004,0.000,0.000,0.000,3.000,0.091,0.009,11.000,0.333,0.005,21.000,0.636,0.007,1.000,0.030,0.005,0.000,0.000,0.000,0.000,0.000,0.000,16.000,0.485,0.006,16.000,0.485,0.006,0.000,0.000,0.000,1.000,0.030,0.063,0.000,0.000,0.000,10.000,0.303,0.006,18.000,0.545,0.006,1.000,0.030,0.004,1.000,0.030,0.034,3.000,0.091,0.013,8.000,0.242,0.006,20.000,0.606,0.006,3.000,0.091,0.009,0.000,0.000,0.000,2.000,0.061,0.006
PUEBLA,49.000,0.257,0.047,118.000,0.618,0.036,14.000,0.073,0.026,2.000,0.010,0.029,8.000,0.042,0.020,56.000,0.293,0.041,121.000,0.634,0.036,7.000,0.037,0.020,2.000,0.010,0.043,5.000,0.026,0.022,70.000,0.366,0.039,108.000,0.565,0.034,9.000,0.047,0.035,1.000,0.005,0.031,3.000,0.016,0.031,79.000,0.414,0.036,103.000,0.539,0.035,7.000,0.037,0.047,0.000,0.000,0.000,2.000,0.010,0.025,45.000,0.236,0.034,125.000,0.654,0.037,8.000,0.042,0.030,0.000,0.000,0.000,13.000,0.068,0.039,68.000,0.356,0.033,113.000,0.592,0.039,6.000,0.031,0.028,2.000,0.010,0.071,2.000,0.010,0.025,89.000,0.466,0.034,97.000,0.508,0.037,5.000,0.026,0.106,0.000,0.000,0.000,0.000,0.000,0.000,73.000,0.382,0.042,101.000,0.529,0.033,6.000,0.031,0.022,1.000,0.005,0.034,10.000,0.052,0.043,60.000,0.314,0.044,113.000,0.592,0.035,8.000,0.042,0.025,1.000,0.005,0.026,9.000,0.047,0.025
QUERÉTARO,37.000,0.154,0.036,141.000,0.585,0.043,38.000,0.158,0.071,9.000,0.037,0.129,16.000,0.066,0.041,74.000,0.307,0.054,132.000,0.548,0.039,20.000,0.083,0.056,5.000,0.021,0.109,10.000,0.041,0.044,86.000,0.357,0.048,134.000,0.556,0.042,16.000,0.066,0.063,1.000,0.004,0.031,4.000,0.017,0.041,105.000,0.436,0.048,123.000,0.510,0.042,9.000,0.037,0.060,2.000,0.008,0.105,2.000,0.008,0.025,67.000,0.278,0.051,138.000,0.573,0.041,16.000,0.066,0.060,2.000,0.008,0.111,18.000,0.075,0.054,104.000,0.432,0.050,120.000,0.498,0.041,12.000,0.050,0.055,2.000,0.008,0.071,3.000,0.012,0.037,130.000,0.539,0.050,106.000,0.440,0.040,3.000,0.012,0.064,2.000,0.008,0.125,0.000,0.000,0.000,71.000,0.295,0.041,141.000,0.585,0.046,20.000,0.083,0.073,3.000,0.012,0.103,6.000,0.025,0.026,47.000,0.195,0.034,152.000,0.631,0.047,21.000,0.087,0.065,3.000,0.012,0.077,18.000,0.075,0.051
QUINTANA ROO,43.000,0.212,0.041,118.000,0.581,0.036,20.000,0.099,0.037,3.000,0.015,0.043,19.000,0.094,0.049,51.000,0.251,0.037,120.000,0.591,0.036,16.000,0.079,0.045,1.000,0.005,0.022,15.000,0.074,0.066,72.000,0.355,0.040,117.000,0.576,0.037,11.000,0.054,0.043,1.000,0.005,0.031,2.000,0.010,0.021,78.000,0.384,0.036,112.000,0.552,0.038,11.000,0.054,0.074,0.000,0.000,0.000,2.000,0.010,0.025,51.000,0.251,0.039,125.000,0.616,0.037,10.000,0.049,0.038,0.000,0.000,0.000,17.000,0.084,0.051,71.000,0.350,0.034,123.000,0.606,0.042,6.000,0.030,0.028,2.000,0.010,0.071,1.000,0.005,0.012,90.000,0.443,0.034,107.000,0.527,0.041,5.000,0.025,0.106,0.000,0.000,0.000,1.000,0.005,0.033,68.000,0.335,0.040,115.000,0.567,0.037,10.000,0.049,0.037,1.000,0.005,0.034,9.000,0.044,0.039,59.000,0.291,0.043,118.000,0.581,0.036,7.000,0.034,0.022,2.000,0.010,0.051,17.000,0.084,0.048
SAN LUIS POTOSÍ,43.000,0.177,0.041,155.000,0.638,0.047,26.000,0.107,0.049,3.000,0.012,0.043,16.000,0.066,0.041,58.000,0.239,0.043,156.000,0.642,0.047,17.000,0.070,0.047,2.000,0.008,0.043,10.000,0.041,0.044,77.000,0.317,0.043,148.000,0.609,0.047,14.000,0.058,0.055,0.000,0.000,0.000,4.000,0.016,0.041,83.000,0.342,0.038,150.000,0.617,0.051,7.000,0.029,0.047,0.000,0.000,0.000,3.000,0.012,0.038,53.000,0.218,0.040,161.000,0.663,0.047,14.000,0.058,0.053,0.000,0.000,0.000,15.000,0.062,0.045,82.000,0.337,0.039,146.000,0.601,0.050,9.000,0.037,0.041,1.000,0.004,0.036,5.000,0.021,0.062,116.000,0.477,0.044,121.000,0.498,0.046,3.000,0.012,0.064,1.000,0.004,0.063,2.000,0.008,0.067,68.000,0.280,0.040,148.000,0.609,0.048,11.000,0.045,0.040,2.000,0.008,0.069,14.000,0.058,0.061,63.000,0.259,0.046,155.000,0.638,0.048,11.000,0.045,0.034,1.000,0.004,0.026,13.000,0.053,0.037
SINALOA,99.000,0.261,0.095,228.000,0.600,0.069,20.000,0.053,0.037,5.000,0.013,0.071,28.000,0.074,0.072,100.000,0.263,0.073,229.000,0.603,0.069,28.000,0.074,0.078,6.000,0.016,0.130,17.000,0.045,0.075,150.000,0.395,0.083,206.000,0.542,0.065,10.000,0.026,0.039,6.000,0.016,0.188,8.000,0.021,0.082,167.000,0.439,0.077,192.000,0.505,0.066,10.000,0.026,0.067,2.000,0.005,0.105,9.000,0.024,0.113,106.000,0.279,0.081,233.000,0.613,0.068,18.000,0.047,0.068,0.000,0.000,0.000,23.000,0.061,0.068,158.000,0.416,0.076,197.000,0.518,0.067,13.000,0.034,0.060,2.000,0.005,0.071,10.000,0.026,0.123,195.000,0.513,0.074,182.000,0.479,0.069,1.000,0.003,0.021,1.000,0.003,0.063,1.000,0.003,0.033,136.000,0.358,0.079,221.000,0.582,0.072,10.000,0.026,0.037,1.000,0.003,0.034,12.000,0.032,0.052,110.000,0.289,0.080,225.000,0.592,0.069,16.000,0.042,0.049,2.000,0.005,0.051,27.000,0.071,0.076
SONORA,47.000,0.280,0.045,97.000,0.577,0.029,13.000,0.077,0.024,2.000,0.012,0.029,9.000,0.054,0.023,47.000,0.280,0.035,105.000,0.625,0.031,6.000,0.036,0.017,3.000,0.018,0.065,7.000,0.042,0.031,66.000,0.393,0.037,93.000,0.554,0.029,5.000,0.030,0.020,3.000,0.018,0.094,1.000,0.006,0.010,77.000,0.458,0.035,83.000,0.494,0.028,6.000,0.036,0.040,1.000,0.006,0.053,1.000,0.006,0.013,51.000,0.304,0.039,101.000,0.601,0.030,8.000,0.048,0.030,0.000,0.000,0.000,8.000,0.048,0.024,70.000,0.417,0.034,91.000,0.542,0.031,3.000,0.018,0.014,2.000,0.012,0.071,2.000,0.012,0.025,87.000,0.518,0.033,80.000,0.476,0.031,1.000,0.006,0.021,0.000,0.000,0.000,0.000,0.000,0.000,59.000,0.351,0.034,99.000,0.589,0.032,7.000,0.042,0.026,1.000,0.006,0.034,2.000,0.012,0.009,48.000,0.286,0.035,103.000,0.613,0.032,9.000,0.054,0.028,2.000,0.012,0.051,6.000,0.036,0.017
TABASCO,11.000,0.175,0.011,39.000,0.619,0.012,6.000,0.095,0.011,1.000,0.016,0.014,6.000,0.095,0.015,20.000,0.317,0.015,36.000,0.571,0.011,4.000,0.063,0.011,1.000,0.016,0.022,2.000,0.032,0.009,28.000,0.444,0.016,33.000,0.524,0.010,2.000,0.032,0.008,0.000,0.000,0.000,0.000,0.000,0.000,31.000,0.492,0.014,32.000,0.508,0.011,0.000,0.000,0.000,0.000,0.000,0.000,0.000,0.000,0.000,16.000,0.254,0.012,44.000,0.698,0.013,0.000,0.000,0.000,1.000,0.016,0.056,2.000,0.032,0.006,31.000,0.492,0.015,31.000,0.492,0.011,1.000,0.016,0.005,0.000,0.000,0.000,0.000,0.000,0.000,33.000,0.524,0.013,29.000,0.460,0.011,0.000,0.000,0.000,0.000,0.000,0.000,1.000,0.016,0.033,25.000,0.397,0.015,32.000,0.508,0.010,5.000,0.079,0.018,0.000,0.000,0.000,1.000,0.016,0.004,21.000,0.333,0.015,34.000,0.540,0.010,3.000,0.048,0.009,1.000,0.016,0.026,4.000,0.063,0.011
TAMAULIPAS,43.000,0.208,0.041,128.000,0.618,0.039,21.000,0.101,0.039,2.000,0.010,0.029,13.000,0.063,0.033,41.000,0.198,0.030,149.000,0.720,0.045,9.000,0.043,0.025,2.000,0.010,0.043,6.000,0.029,0.026,64.000,0.309,0.036,136.000,0.657,0.043,7.000,0.034,0.027,0.000,0.000,0.000,0.000,0.000,0.000,85.000,0.411,0.039,117.000,0.565,0.040,3.000,0.014,0.020,1.000,0.005,0.053,1.000,0.005,0.013,52.000,0.251,0.040,145.000,0.700,0.043,4.000,0.019,0.015,0.000,0.000,0.000,6.000,0.029,0.018,68.000,0.329,0.033,123.000,0.594,0.042,13.000,0.063,0.060,0.000,0.000,0.000,3.000,0.014,0.037,97.000,0.469,0.037,110.000,0.531,0.042,0.000,0.000,0.000,0.000,0.000,0.000,0.000,0.000,0.000,57.000,0.275,0.033,136.000,0.657,0.044,8.000,0.039,0.029,1.000,0.005,0.034,5.000,0.024,0.022,52.000,0.251,0.038,136.000,0.657,0.042,11.000,0.053,0.034,3.000,0.014,0.077,5.000,0.024,0.014
TLAXCALA,18.000,0.200,0.017,59.000,0.656,0.018,8.000,0.089,0.015,1.000,0.011,0.014,4.000,0.044,0.010,25.000,0.278,0.018,53.000,0.589,0.016,7.000,0.078,0.020,1.000,0.011,0.022,4.000,0.044,0.018,26.000,0.289,0.014,56.000,0.622,0.018,8.000,0.089,0.031,0.000,0.000,0.000,0.000,0.000,0.000,38.000,0.422,0.017,46.000,0.511,0.016,4.000,0.044,0.027,0.000,0.000,0.000,2.000,0.022,0.025,24.000,0.267,0.018,53.000,0.589,0.016,9.000,0.100,0.034,1.000,0.011,0.056,3.000,0.033,0.009,37.000,0.411,0.018,42.000,0.467,0.014,10.000,0.111,0.046,1.000,0.011,0.036,0.000,0.000,0.000,48.000,0.533,0.018,38.000,0.422,0.014,3.000,0.033,0.064,0.000,0.000,0.000,1.000,0.011,0.033,28.000,0.311,0.016,49.000,0.544,0.016,9.000,0.100,0.033,1.000,0.011,0.034,3.000,0.033,0.013,24.000,0.267,0.018,49.000,0.544,0.015,8.000,0.089,0.025,2.000,0.022,0.051,7.000,0.078,0.020
VERACRUZ,20.000,0.168,0.019,66.000,0.555,0.020,16.000,0.134,0.030,3.000,0.025,0.043,14.000,0.118,0.036,25.000,0.210,0.018,76.000,0.639,0.023,12.000,0.101,0.034,0.000,0.000,0.000,6.000,0.050,0.026,34.000,0.286,0.019,73.000,0.613,0.023,7.000,0.059,0.027,1.000,0.008,0.031,4.000,0.034,0.041,41.000,0.345,0.019,69.000,0.580,0.024,5.000,0.042,0.034,1.000,0.008,0.053,3.000,0.025,0.038,20.000,0.168,0.015,75.000,0.630,0.022,13.000,0.109,0.049,2.000,0.017,0.111,9.000,0.076,0.027,49.000,0.412,0.024,59.000,0.496,0.020,6.000,0.050,0.028,2.000,0.017,0.071,3.000,0.025,0.037,53.000,0.445,0.020,60.000,0.504,0.023,1.000,0.008,0.021,1.000,0.008,0.063,4.000,0.034,0.133,33.000,0.277,0.019,66.000,0.555,0.021,8.000,0.067,0.029,4.000,0.034,0.138,8.000,0.067,0.035,20.000,0.168,0.015,67.000,0.563,0.021,16.000,0.134,0.049,4.000,0.034,0.103,12.000,0.101,0.034
YUCATÁN,21.000,0.168,0.020,70.000,0.560,0.021,19.000,0.152,0.036,4.000,0.032,0.057,11.000,0.088,0.028,16.000,0.128,0.012,83.000,0.664,0.025,14.000,0.112,0.039,2.000,0.016,0.043,10.000,0.080,0.044,24.000,0.192,0.013,86.000,0.688,0.027,13.000,0.104,0.051,0.000,0.000,0.000,2.000,0.016,0.021,36.000,0.288,0.017,77.000,0.616,0.026,9.000,0.072,0.060,0.000,0.000,0.000,3.000,0.024,0.038,23.000,0.184,0.018,75.000,0.600,0.022,13.000,0.104,0.049,0.000,0.000,0.000,14.000,0.112,0.042,38.000,0.304,0.018,81.000,0.648,0.028,4.000,0.032,0.018,2.000,0.016,0.071,0.000,0.000,0.000,46.000,0.368,0.018,75.000,0.600,0.029,4.000,0.032,0.085,0.000,0.000,0.000,0.000,0.000,0.000,28.000,0.224,0.016,80.000,0.640,0.026,8.000,0.064,0.029,1.000,0.008,0.034,8.000,0.064,0.035,23.000,0.184,0.017,77.000,0.616,0.024,15.000,0.120,0.046,0.000,0.000,0.000,10.000,0.080,0.028
ZACATECAS,36.000,0.165,0.035,128.000,0.587,0.039,30.000,0.138,0.056,4.000,0.018,0.057,20.000,0.092,0.051,45.000,0.206,0.033,144.000,0.661,0.043,17.000,0.078,0.047,3.000,0.014,0.065,9.000,0.041,0.040,59.000,0.271,0.033,143.000,0.656,0.045,8.000,0.037,0.031,2.000,0.009,0.063,6.000,0.028,0.062,72.000,0.330,0.033,136.000,0.624,0.047,4.000,0.018,0.027,2.000,0.009,0.105,4.000,0.018,0.050,44.000,0.202,0.034,141.000,0.647,0.041,13.000,0.060,0.049,3.000,0.014,0.167,17.000,0.078,0.051,76.000,0.349,0.036,123.000,0.564,0.042,13.000,0.060,0.060,3.000,0.014,0.107,3.000,0.014,0.037,96.000,0.440,0.037,116.000,0.532,0.044,3.000,0.014,0.064,1.000,0.005,0.063,2.000,0.009,0.067,65.000,0.298,0.038,126.000,0.578,0.041,14.000,0.064,0.051,0.000,0.000,0.000,13.000,0.060,0.057,55.000,0.252,0.040,130.000,0.596,0.040,12.000,0.055,0.037,2.000,0.009,0.051,19.000,0.087,0.053
Hombre,57.000,0.247,0.055,136.000,0.589,0.041,18.000,0.078,0.034,4.000,0.017,0.057,16.000,0.069,0.041,63.000,0.273,0.046,145.000,0.628,0.043,8.000,0.035,0.022,0.000,0.000,0.000,15.000,0.065,0.066,78.000,0.338,0.043,138.000,0.597,0.044,7.000,0.030,0.027,0.000,0.000,0.000,8.000,0.035,0.082,84.000,0.364,0.039,134.000,0.580,0.046,7.000,0.030,0.047,0.000,0.000,0.000,6.000,0.026,0.075,59.000,0.255,0.045,147.000,0.636,0.043,5.000,0.022,0.019,0.000,0.000,0.000,20.000,0.087,0.060,101.000,0.437,0.048,115.000,0.498,0.039,8.000,0.035,0.037,3.000,0.013,0.107,4.000,0.017,0.049,108.000,0.468,0.041,117.000,0.506,0.045,3.000,0.013,0.064,1.000,0.004,0.063,2.000,0.009,0.067,82.000,0.355,0.048,127.000,0.550,0.041,9.000,0.039,0.033,2.000,0.009,0.069,11.000,0.048,0.048,70.000,0.303,0.051,140.000,0.606,0.043,10.000,0.043,0.031,0.000,0.000,0.000,11.000,0.048,0.031
Mujer,983.000,0.193,0.945,3165.000,0.620,0.959,516.000,0.101,0.966,66.000,0.013,0.943,375.000,0.073,0.959,1299.000,0.254,0.954,3198.000,0.626,0.957,350.000,0.069,0.978,46.000,0.009,1.000,212.000,0.042,0.934,1719.000,0.337,0.957,3017.000,0.591,0.956,248.000,0.049,0.973,32.000,0.006,1.000,89.000,0.017,0.918,2088.000,0.409,0.961,2782.000,0.545,0.954,142.000,0.028,0.953,19.000,0.004,1.000,74.000,0.014,0.925,1252.000,0.245,0.955,3259.000,0.638,0.957,260.000,0.051,0.981,18.000,0.004,1.000,316.000,0.062,0.940,1982.000,0.388,0.952,2813.000,0.551,0.961,209.000,0.041,0.963,25.000,0.005,0.893,77.000,0.015,0.951,2514.000,0.492,0.959,2505.000,0.491,0.955,44.000,0.009,0.936,15.000,0.003,0.938,28.000,0.005,0.933,1639.000,0.321,0.952,2957.000,0.579,0.959,264.000,0.052,0.967,27.000,0.005,0.931,219.000,0.043,0.952,1298.000,0.254,0.949,3109.000,0.609,0.957,315.000,0.062,0.969,39.000,0.008,1.000,345.000,0.068,0.969
18 a 20 años,0.000,0.000,0.000,26.000,0.813,0.008,2.000,0.063,0.004,1.000,0.031,0.014,3.000,0.094,0.008,6.000,0.188,0.004,20.000,0.625,0.006,4.000,0.125,0.011,0.000,0.000,0.000,2.000,0.063,0.009,8.000,0.250,0.004,23.000,0.719,0.007,1.000,0.031,0.004,0.000,0.000,0.000,0.000,0.000,0.000,11.000,0.344,0.005,19.000,0.594,0.007,1.000,0.031,0.007,0.000,0.000,0.000,1.000,0.031,0.013,4.000,0.125,0.003,23.000,0.719,0.007,2.000,0.063,0.008,0.000,0.000,0.000,3.000,0.094,0.009,8.000,0.250,0.004,24.000,0.750,0.008,0.000,0.000,0.000,0.000,0.000,0.000,0.000,0.000,0.000,10.000,0.313,0.004,22.000,0.688,0.008,0.000,0.000,0.000,0.000,0.000,0.000,0.000,0.000,0.000,8.000,0.250,0.005,21.000,0.656,0.007,1.000,0.031,0.004,0.000,0.000,0.000,2.000,0.063,0.009,4.000,0.125,0.003,23.000,0.719,0.007,4.000,0.125,0.012,0.000,0.000,0.000,1.000,0.031,0.003
21 a 30 años,264.000,0.227,0.254,695.000,0.599,0.211,120.000,0.103,0.225,18.000,0.016,0.257,64.000,0.055,0.164,334.000,0.288,0.245,682.000,0.587,0.204,85.000,0.073,0.237,11.000,0.009,0.239,49.000,0.042,0.216,427.000,0.368,0.238,656.000,0.565,0.208,56.000,0.048,0.220,4.000,0.003,0.125,18.000,0.016,0.186,494.000,0.425,0.227,616.000,0.531,0.211,36.000,0.031,0.242,4.000,0.003,0.211,11.000,0.009,0.138,315.000,0.271,0.240,722.000,0.622,0.212,63.000,0.054,0.238,4.000,0.003,0.222,57.000,0.049,0.170,468.000,0.403,0.225,619.000,0.533,0.211,52.000,0.045,0.240,5.000,0.004,0.179,18.000,0.015,0.222,606.000,0.522,0.231,533.000,0.459,0.203,15.000,0.013,0.319,4.000,0.003,0.250,4.000,0.003,0.133,424.000,0.365,0.246,632.000,0.544,0.205,63.000,0.054,0.231,6.000,0.005,0.207,37.000,0.032,0.161,331.000,0.285,0.242,684.000,0.589,0.211,75.000,0.065,0.231,8.000,0.007,0.205,64.000,0.055,0.180
31 a 40 años,312.000,0.167,0.300,1206.000,0.645,0.365,198.000,0.106,0.371,23.000,0.012,0.329,132.000,0.071,0.338,438.000,0.234,0.322,1205.000,0.644,0.360,132.000,0.071,0.369,20.000,0.011,0.435,76.000,0.041,0.335,587.000,0.314,0.327,1136.000,0.607,0.360,103.000,0.055,0.404,15.000,0.008,0.469,30.000,0.016,0.309,742.000,0.397,0.342,1041.000,0.556,0.357,52.000,0.028,0.349,7.000,0.004,0.368,29.000,0.015,0.363,434.000,0.232,0.331,1217.000,0.650,0.357,97.000,0.052,0.366,8.000,0.004,0.444,115.000,0.061,0.342,718.000,0.384,0.345,1035.000,0.553,0.353,77.000,0.041,0.355,9.000,0.005,0.321,32.000,0.017,0.395,902.000,0.482,0.344,942.000,0.503,0.359,16.000,0.009,0.340,4.000,0.002,0.250,7.000,0.004,0.233,595.000,0.318,0.346,1092.000,0.584,0.354,98.000,0.052,0.359,11.000,0.006,0.379,75.000,0.040,0.326,445.000,0.238,0.325,1161.000,0.621,0.357,123.000,0.066,0.378,15.000,0.008,0.385,127.000,0.068,0.357
41 a 50 años,305.000,0.194,0.293,956.000,0.607,0.290,162.000,0.103,0.303,21.000,0.013,0.300,132.000,0.084,0.338,396.000,0.251,0.291,994.000,0.631,0.297,105.000,0.067,0.293,9.000,0.006,0.196,72.000,0.046,0.317,505.000,0.320,0.281,959.000,0.609,0.304,69.000,0.044,0.271,7.000,0.004,0.219,36.000,0.023,0.371,624.000,0.396,0.287,876.000,0.556,0.300,47.000,0.030,0.315,3.000,0.002,0.158,26.000,0.016,0.325,371.000,0.235,0.283,1019.000,0.647,0.299,77.000,0.049,0.291,3.000,0.002,0.167,106.000,0.067,0.315,611.000,0.388,0.293,877.000,0.556,0.300,58.000,0.037,0.267,8.000,0.005,0.286,22.000,0.014,0.272,759.000,0.482,0.289,787.000,0.499,0.300,12.000,0.008,0.255,5.000,0.003,0.313,13.000,0.008,0.433,469.000,0.298,0.273,934.000,0.593,0.303,79.000,0.050,0.289,9.000,0.006,0.310,85.000,0.054,0.370,411.000,0.261,0.300,958.000,0.608,0.295,86.000,0.055,0.265,8.000,0.005,0.205,113.000,0.072,0.317
51 a 60 años,154.000,0.230,0.148,399.000,0.596,0.121,52.000,0.078,0.097,7.000,0.010,0.100,58.000,0.087,0.148,182.000,0.272,0.134,425.000,0.634,0.127,31.000,0.046,0.087,6.000,0.009,0.130,26.000,0.039,0.115,259.000,0.387,0.144,367.000,0.548,0.116,26.000,0.039,0.102,6.000,0.009,0.188,12.000,0.018,0.124,293.000,0.437,0.135,346.000,0.516,0.119,13.000,0.019,0.087,5.000,0.007,0.263,13.000,0.019,0.163,179.000,0.267,0.137,411.000,0.613,0.121,26.000,0.039,0.098,3.000,0.004,0.167,51.000,0.076,0.152,268.000,0.400,0.129,357.000,0.533,0.122,30.000,0.045,0.138,6.000,0.009,0.214,9.000,0.013,0.111,329.000,0.491,0.125,328.000,0.490,0.125,4.000,0.006,0.085,3.000,0.004,0.188,6.000,0.009,0.200,216.000,0.322,0.126,391.000,0.584,0.127,31.000,0.046,0.114,3.000,0.004,0.103,29.000,0.043,0.126,170.000,0.254,0.124,408.000,0.609,0.126,35.000,0.052,0.108,8.000,0.012,0.205,49.000,0.073,0.138
61 a 70 años,5.000,0.192,0.005,19.000,0.731,0.006,0.000,0.000,0.000,0.000,0.000,0.000,2.000,0.077,0.005,6.000,0.231,0.004,17.000,0.654,0.005,1.000,0.038,0.003,0.000,0.000,0.000,2.000,0.077,0.009,11.000,0.423,0.006,14.000,0.538,0.004,0.000,0.000,0.000,0.000,0.000,0.000,1.000,0.038,0.010,8.000,0.308,0.004,18.000,0.692,0.006,0.000,0.000,0.000,0.000,0.000,0.000,0.000,0.000,0.000,8.000,0.308,0.006,14.000,0.538,0.004,0.000,0.000,0.000,0.000,0.000,0.000,4.000,0.154,0.012,10.000,0.385,0.005,16.000,0.615,0.005,0.000,0.000,0.000,0.000,0.000,0.000,0.000,0.000,0.000,16.000,0.615,0.006,10.000,0.385,0.004,0.000,0.000,0.000,0.000,0.000,0.000,0.000,0.000,0.000,9.000,0.346,0.005,14.000,0.538,0.005,1.000,0.038,0.004,0.000,0.000,0.000,2.000,0.077,0.009,7.000,0.269,0.005,15.000,0.577,0.005,2.000,0.077,0.006,0.000,0.000,0.000,2.000,0.077,0.006
71 a 80 años,0.000,0.000,0.000,0.000,0.000,0.000,0.000,0.000,0.000,0.000,0.000,0.000,0.000,0.000,0.000,0.000,0.000,0.000,0.000,0.000,0.000,0.000,0.000,0.000,0.000,0.000,0.000,0.000,0.000,0.000,0.000,0.000,0.000,0.000,0.000,0.000,0.000,0.000,0.000,0.000,0.000,0.000,0.000,0.000,0.000,0.000,0.000,0.000,0.000,0.000,0.000,0.000,0.000,0.000,0.000,0.000,0.000,0.000,0.000,0.000,0.000,0.000,0.000,0.000,0.000,0.000,0.000,0.000,0.000,0.000,0.000,0.000,0.000,0.000,0.000,0.000,0.000,0.000,0.000,0.000,0.000,0.000,0.000,0.000,0.000,0.000,0.000,0.000,0.000,0.000,0.000,0.000,0.000,0.000,0.000,0.000,0.000,0.000,0.000,0.000,0.000,0.000,0.000,0.000,0.000,0.000,0.000,0.000,0.000,0.000,0.000,0.000,0.000,0.000,0.000,0.000,0.000,0.000,0.000,0.000,0.000,0.000,0.000,0.000,0.000,0.000,0.000,0.000,0.000,0.000,0.000,0.000,0.000,0.000,0.000
81 a 90 años,0.000,0.000,0.000,0.000,0.000,0.000,0.000,0.000,0.000,0.000,0.000,0.000,0.000,0.000,0.000,0.000,0.000,0.000,0.000,0.000,0.000,0.000,0.000,0.000,0.000,0.000,0.000,0.000,0.000,0.000,0.000,0.000,0.000,0.000,0.000,0.000,0.000,0.000,0.000,0.000,0.000,0.000,0.000,0.000,0.000,0.000,0.000,0.000,0.000,0.000,0.000,0.000,0.000,0.000,0.000,0.000,0.000,0.000,0.000,0.000,0.000,0.000,0.000,0.000,0.000,0.000,0.000,0.000,0.000,0.000,0.000,0.000,0.000,0.000,0.000,0.000,0.000,0.000,0.000,0.000,0.000,0.000,0.000,0.000,0.000,0.000,0.000,0.000,0.000,0.000,0.000,0.000,0.000,0.000,0.000,0.000,0.000,0.000,0.000,0.000,0.000,0.000,0.000,0.000,0.000,0.000,0.000,0.000,0.000,0.000,0.000,0.000,0.000,0.000,0.000,0.000,0.000,0.000,0.000,0.000,0.000,0.000,0.000,0.000,0.000,0.000,0.000,0.000,0.000,0.000,0.000,0.000,0.000,0.000,0.000
91 a 99 años,0.000,0.000,0.000,0.000,0.000,0.000,0.000,0.000,0.000,0.000,0.000,0.000,0.000,0.000,0.000,0.000,0.000,0.000,0.000,0.000,0.000,0.000,0.000,0.000,0.000,0.000,0.000,0.000,0.000,0.000,0.000,0.000,0.000,0.000,0.000,0.000,0.000,0.000,0.000,0.000,0.000,0.000,0.000,0.000,0.000,0.000,0.000,0.000,0.000,0.000,0.000,0.000,0.000,0.000,0.000,0.000,0.000,0.000,0.000,0.000,0.000,0.000,0.000,0.000,0.000,0.000,0.000,0.000,0.000,0.000,0.000,0.000,0.000,0.000,0.000,0.000,0.000,0.000,0.000,0.000,0.000,0.000,0.000,0.000,0.000,0.000,0.000,0.000,0.000,0.000,0.000,0.000,0.000,0.000,0.000,0.000,0.000,0.000,0.000,0.000,0.000,0.000,0.000,0.000,0.000,0.000,0.000,0.000,0.000,0.000,0.000,0.000,0.000,0.000,0.000,0.000,0.000,0.000,0.000,0.000,0.000,0.000,0.000,0.000,0.000,0.000,0.000,0.000,0.000,0.000,0.000,0.000,0.000,0.000,0.000
"Preparatoria, bachillerato o carrera técnica",9.000,0.200,0.009,30.000,0.667,0.009,4.000,0.089,0.007,0.000,0.000,0.000,2.000,0.044,0.005,12.000,0.267,0.009,28.000,0.622,0.008,1.000,0.022,0.003,0.000,0.000,0.000,4.000,0.089,0.018,13.000,0.289,0.007,29.000,0.644,0.009,2.000,0.044,0.008,0.000,0.000,0.000,1.000,0.022,0.010,12.000,0.267,0.006,29.000,0.644,0.010,2.000,0.044,0.013,0.000,0.000,0.000,2.000,0.044,0.025,10.000,0.222,0.008,30.000,0.667,0.009,1.000,0.022,0.004,0.000,0.000,0.000,4.000,0.089,0.012,12.000,0.267,0.006,28.000,0.622,0.010,4.000,0.089,0.018,0.000,0.000,0.000,1.000,0.022,0.012,15.000,0.333,0.006,29.000,0.644,0.011,0.000,0.000,0.000,0.000,0.000,0.000,1.000,0.022,0.033,14.000,0.311,0.008,27.000,0.600,0.009,2.000,0.044,0.007,0.000,0.000,0.000,2.000,0.044,0.009,11.000,0.244,0.008,29.000,0.644,0.009,1.000,0.022,0.003,0.000,0.000,0.000,4.000,0.089,0.011
Normal básica sin licenciatura,27.000,0.194,0.026,86.000,0.619,0.026,12.000,0.086,0.022,3.000,0.022,0.043,11.000,0.079,0.028,32.000,0.230,0.023,90.000,0.647,0.027,7.000,0.050,0.020,2.000,0.014,0.043,8.000,0.058,0.035,42.000,0.302,0.023,84.000,0.604,0.027,6.000,0.043,0.024,2.000,0.014,0.063,5.000,0.036,0.052,48.000,0.345,0.022,81.000,0.583,0.028,5.000,0.036,0.034,1.000,0.007,0.053,4.000,0.029,0.050,36.000,0.259,0.027,86.000,0.619,0.025,6.000,0.043,0.023,2.000,0.014,0.111,9.000,0.065,0.027,43.000,0.309,0.021,83.000,0.597,0.028,8.000,0.058,0.037,2.000,0.014,0.071,3.000,0.022,0.037,64.000,0.460,0.024,71.000,0.511,0.027,2.000,0.014,0.043,1.000,0.007,0.063,1.000,0.007,0.033,34.000,0.245,0.020,89.000,0.640,0.029,7.000,0.050,0.026,2.000,0.014,0.069,7.000,0.050,0.030,33.000,0.237,0.024,85.000,0.612,0.026,7.000,0.050,0.022,3.000,0.022,0.077,11.000,0.079,0.031
Normal superior,16.000,0.216,0.015,46.000,0.622,0.014,7.000,0.095,0.013,0.000,0.000,0.000,5.000,0.068,0.013,23.000,0.311,0.017,44.000,0.595,0.013,4.000,0.054,0.011,1.000,0.014,0.022,2.000,0.027,0.009,26.000,0.351,0.014,43.000,0.581,0.014,4.000,0.054,0.016,1.000,0.014,0.031,0.000,0.000,0.000,35.000,0.473,0.016,38.000,0.514,0.013,0.000,0.000,0.000,0.000,0.000,0.000,1.000,0.014,0.013,24.000,0.324,0.018,44.000,0.595,0.013,3.000,0.041,0.011,0.000,0.000,0.000,3.000,0.041,0.009,24.000,0.324,0.012,45.000,0.608,0.015,3.000,0.041,0.014,1.000,0.014,0.036,1.000,0.014,0.012,31.000,0.419,0.012,38.000,0.514,0.014,0.000,0.000,0.000,2.000,0.027,0.125,3.000,0.041,0.100,23.000,0.311,0.013,43.000,0.581,0.014,5.000,0.068,0.018,0.000,0.000,0.000,3.000,0.041,0.013,21.000,0.284,0.015,47.000,0.635,0.014,2.000,0.027,0.006,1.000,0.014,0.026,3.000,0.041,0.008
Normal Intercultural Bilingüe,1.000,0.200,0.001,4.000,0.800,0.001,0.000,0.000,0.000,0.000,0.000,0.000,0.000,0.000,0.000,2.000,0.400,0.001,3.000,0.600,0.001,0.000,0.000,0.000,0.000,0.000,0.000,0.000,0.000,0.000,3.000,0.600,0.002,2.000,0.400,0.001,0.000,0.000,0.000,0.000,0.000,0.000,0.000,0.000,0.000,2.000,0.400,0.001,3.000,0.600,0.001,0.000,0.000,0.000,0.000,0.000,0.000,0.000,0.000,0.000,2.000,0.400,0.002,3.000,0.600,0.001,0.000,0.000,0.000,0.000,0.000,0.000,0.000,0.000,0.000,2.000,0.400,0.001,3.000,0.600,0.001,0.000,0.000,0.000,0.000,0.000,0.000,0.000,0.000,0.000,2.000,0.400,0.001,3.000,0.600,0.001,0.000,0.000,0.000,0.000,0.000,0.000,0.000,0.000,0.000,2.000,0.400,0.001,3.000,0.600,0.001,0.000,0.000,0.000,0.000,0.000,0.000,0.000,0.000,0.000,2.000,0.400,0.001,3.000,0.600,0.001,0.000,0.000,0.000,0.000,0.000,0.000,0.000,0.000,0.000
Licenciatura,829.000,0.198,0.797,2603.000,0.621,0.789,409.000,0.098,0.766,53.000,0.013,0.757,296.000,0.071,0.757,1062.000,0.253,0.780,2646.000,0.632,0.792,271.000,0.065,0.757,34.000,0.008,0.739,177.000,0.042,0.780,1433.000,0.342,0.797,2459.000,0.587,0.779,197.000,0.047,0.773,24.000,0.006,0.750,77.000,0.018,0.794,1713.000,0.409,0.789,2278.000,0.544,0.781,121.000,0.029,0.812,14.000,0.003,0.737,64.000,0.015,0.800,1021.000,0.244,0.779,2675.000,0.638,0.785,212.000,0.051,0.800,11.000,0.003,0.611,271.000,0.065,0.807,1638.000,0.391,0.786,2302.000,0.549,0.786,165.000,0.039,0.760,22.000,0.005,0.786,64.000,0.015,0.790,2045.000,0.488,0.780,2081.000,0.497,0.794,35.000,0.008,0.745,8.000,0.002,0.500,22.000,0.005,0.733,1353.000,0.323,0.786,2424.000,0.578,0.786,208.000,0.050,0.762,24.000,0.006,0.828,182.000,0.043,0.791,1078.000,0.257,0.788,2556.000,0.610,0.787,258.000,0.062,0.794,29.000,0.007,0.744,270.000,0.064,0.758
Especialidad,5.000,0.227,0.005,14.000,0.636,0.004,1.000,0.045,0.002,1.000,0.045,0.014,1.000,0.045,0.003,3.000,0.136,0.002,13.000,0.591,0.004,2.000,0.091,0.006,1.000,0.045,0.022,3.000,0.136,0.013,5.000,0.227,0.003,14.000,0.636,0.004,1.000,0.045,0.004,1.000,0.045,0.031,1.000,0.045,0.010,9.000,0.409,0.004,11.000,0.500,0.004,0.000,0.000,0.000,1.000,0.045,0.053,1.000,0.045,0.013,3.000,0.136,0.002,18.000,0.818,0.005,0.000,0.000,0.000,0.000,0.000,0.000,1.000,0.045,0.003,7.000,0.318,0.003,13.000,0.591,0.004,0.000,0.000,0.000,1.000,0.045,0.036,1.000,0.045,0.012,10.000,0.455,0.004,11.000,0.500,0.004,0.000,0.000,0.000,0.000,0.000,0.000,1.000,0.045,0.033,4.000,0.182,0.002,16.000,0.727,0.005,1.000,0.045,0.004,0.000,0.000,0.000,1.000,0.045,0.004,3.000,0.136,0.002,16.000,0.727,0.005,0.000,0.000,0.000,0.000,0.000,0.000,3.000,0.136,0.008
Maestría,143.000,0.178,0.138,480.000,0.598,0.145,98.000,0.122,0.184,13.000,0.016,0.186,69.000,0.086,0.176,212.000,0.264,0.156,483.000,0.601,0.144,70.000,0.087,0.196,8.000,0.010,0.174,30.000,0.037,0.132,257.000,0.320,0.143,488.000,0.608,0.155,43.000,0.054,0.169,4.000,0.005,0.125,11.000,0.014,0.113,331.000,0.412,0.152,446.000,0.555,0.153,17.000,0.021,0.114,3.000,0.004,0.158,6.000,0.007,0.075,200.000,0.249,0.153,509.000,0.634,0.149,42.000,0.052,0.158,5.000,0.006,0.278,47.000,0.059,0.140,331.000,0.412,0.159,424.000,0.528,0.145,37.000,0.046,0.171,2.000,0.002,0.071,9.000,0.011,0.111,421.000,0.524,0.161,365.000,0.455,0.139,10.000,0.012,0.213,5.000,0.006,0.313,2.000,0.002,0.067,268.000,0.334,0.156,453.000,0.564,0.147,46.000,0.057,0.168,3.000,0.004,0.103,33.000,0.041,0.143,203.000,0.253,0.148,479.000,0.597,0.147,54.000,0.067,0.166,6.000,0.007,0.154,61.000,0.076,0.171
Doctorado,10.000,0.175,0.010,38.000,0.667,0.012,3.000,0.053,0.006,0.000,0.000,0.000,6.000,0.105,0.015,16.000,0.281,0.012,35.000,0.614,0.010,3.000,0.053,0.008,0.000,0.000,0.000,3.000,0.053,0.013,18.000,0.316,0.010,35.000,0.614,0.011,2.000,0.035,0.008,0.000,0.000,0.000,2.000,0.035,0.021,22.000,0.386,0.010,29.000,0.509,0.010,4.000,0.070,0.027,0.000,0.000,0.000,2.000,0.035,0.025,15.000,0.263,0.011,40.000,0.702,0.012,1.000,0.018,0.004,0.000,0.000,0.000,1.000,0.018,0.003,26.000,0.456,0.012,29.000,0.509,0.010,0.000,0.000,0.000,0.000,0.000,0.000,2.000,0.035,0.025,34.000,0.596,0.013,23.000,0.404,0.009,0.000,0.000,0.000,0.000,0.000,0.000,0.000,0.000,0.000,23.000,0.404,0.013,28.000,0.491,0.009,4.000,0.070,0.015,0.000,0.000,0.000,2.000,0.035,0.009,17.000,0.298,0.012,33.000,0.579,0.010,3.000,0.053,0.009,0.000,0.000,0.000,4.000,0.070,0.011
Posdoctorado,0.000,0.000,0.000,0.000,0.000,0.000,0.000,0.000,0.000,0.000,0.000,0.000,1.000,1.000,0.003,0.000,0.000,0.000,1.000,1.000,0.000,0.000,0.000,0.000,0.000,0.000,0.000,0.000,0.000,0.000,0.000,0.000,0.000,1.000,1.000,0.000,0.000,0.000,0.000,0.000,0.000,0.000,0.000,0.000,0.000,0.000,0.000,0.000,1.000,1.000,0.000,0.000,0.000,0.000,0.000,0.000,0.000,0.000,0.000,0.000,0.000,0.000,0.000,1.000,1.000,0.000,0.000,0.000,0.000,0.000,0.000,0.000,0.000,0.000,0.000,0.000,0.000,0.000,1.000,1.000,0.000,0.000,0.000,0.000,0.000,0.000,0.000,0.000,0.000,0.000,0.000,0.000,0.000,1.000,1.000,0.000,0.000,0.000,0.000,0.000,0.000,0.000,0.000,0.000,0.000,0.000,0.000,0.000,1.000,1.000,0.000,0.000,0.000,0.000,0.000,0.000,0.000,0.000,0.000,0.000,0.000,0.000,0.000,1.000,1.000,0.000,0.000,0.000,0.000,0.000,0.000,0.000,0.000,0.000,0.000
Menor o igual a 10,386.000,0.208,0.371,1139.000,0.612,0.345,197.000,0.106,0.369,25.000,0.013,0.357,113.000,0.061,0.289,514.000,0.276,0.377,1120.000,0.602,0.335,126.000,0.068,0.352,18.000,0.010,0.391,82.000,0.044,0.361,669.000,0.360,0.372,1053.000,0.566,0.334,96.000,0.052,0.376,9.000,0.005,0.281,33.000,0.018,0.340,794.000,0.427,0.366,982.000,0.528,0.337,55.000,0.030,0.369,5.000,0.003,0.263,24.000,0.013,0.300,484.000,0.260,0.369,1177.000,0.633,0.346,94.000,0.051,0.355,7.000,0.004,0.389,98.000,0.053,0.292,750.000,0.403,0.360,981.000,0.527,0.335,85.000,0.046,0.392,12.000,0.006,0.429,32.000,0.017,0.395,959.000,0.516,0.366,866.000,0.466,0.330,24.000,0.013,0.511,5.000,0.003,0.313,6.000,0.003,0.200,670.000,0.360,0.389,1022.000,0.549,0.331,97.000,0.052,0.355,8.000,0.004,0.276,63.000,0.034,0.274,517.000,0.278,0.378,1095.000,0.589,0.337,121.000,0.065,0.372,17.000,0.009,0.436,110.000,0.059,0.309
11 a 20,340.000,0.174,0.327,1247.000,0.639,0.378,200.000,0.102,0.375,26.000,0.013,0.371,139.000,0.071,0.355,454.000,0.233,0.333,1261.000,0.646,0.377,146.000,0.075,0.408,17.000,0.009,0.370,74.000,0.038,0.326,593.000,0.304,0.330,1210.000,0.620,0.384,101.000,0.052,0.396,14.000,0.007,0.438,34.000,0.017,0.351,759.000,0.389,0.349,1099.000,0.563,0.377,59.000,0.030,0.396,8.000,0.004,0.421,27.000,0.014,0.338,443.000,0.227,0.338,1268.000,0.650,0.372,106.000,0.054,0.400,7.000,0.004,0.389,128.000,0.066,0.381,747.000,0.383,0.359,1101.000,0.564,0.376,69.000,0.035,0.318,6.000,0.003,0.214,29.000,0.015,0.358,945.000,0.484,0.360,979.000,0.502,0.373,11.000,0.006,0.234,4.000,0.002,0.250,13.000,0.007,0.433,592.000,0.303,0.344,1159.000,0.594,0.376,96.000,0.049,0.352,15.000,0.008,0.517,90.000,0.046,0.391,474.000,0.243,0.346,1217.000,0.623,0.375,116.000,0.059,0.357,13.000,0.007,0.333,132.000,0.068,0.371
21 a 30,314.000,0.206,0.302,915.000,0.600,0.277,137.000,0.090,0.257,19.000,0.012,0.271,139.000,0.091,0.355,394.000,0.259,0.289,962.000,0.631,0.288,86.000,0.056,0.240,11.000,0.007,0.239,71.000,0.047,0.313,535.000,0.351,0.298,892.000,0.585,0.283,58.000,0.038,0.227,9.000,0.006,0.281,30.000,0.020,0.309,619.000,0.406,0.285,835.000,0.548,0.286,35.000,0.023,0.235,6.000,0.004,0.316,29.000,0.019,0.363,384.000,0.252,0.293,961.000,0.631,0.282,65.000,0.043,0.245,4.000,0.003,0.222,110.000,0.072,0.327,586.000,0.384,0.281,846.000,0.555,0.289,63.000,0.041,0.290,10.000,0.007,0.357,20.000,0.013,0.247,718.000,0.471,0.274,777.000,0.510,0.296,12.000,0.008,0.255,7.000,0.005,0.438,11.000,0.007,0.367,459.000,0.301,0.267,903.000,0.592,0.293,80.000,0.052,0.293,6.000,0.004,0.207,77.000,0.050,0.335,377.000,0.247,0.276,937.000,0.614,0.288,88.000,0.058,0.271,9.000,0.006,0.231,114.000,0.075,0.320
31 a 40,0.000,0.000,0.000,0.000,0.000,0.000,0.000,0.000,0.000,0.000,0.000,0.000,0.000,0.000,0.000,0.000,0.000,0.000,0.000,0.000,0.000,0.000,0.000,0.000,0.000,0.000,0.000,0.000,0.000,0.000,0.000,0.000,0.000,0.000,0.000,0.000,0.000,0.000,0.000,0.000,0.000,0.000,0.000,0.000,0.000,0.000,0.000,0.000,0.000,0.000,0.000,0.000,0.000,0.000,0.000,0.000,0.000,0.000,0.000,0.000,0.000,0.000,0.000,0.000,0.000,0.000,0.000,0.000,0.000,0.000,0.000,0.000,0.000,0.000,0.000,0.000,0.000,0.000,0.000,0.000,0.000,0.000,0.000,0.000,0.000,0.000,0.000,0.000,0.000,0.000,0.000,0.000,0.000,0.000,0.000,0.000,0.000,0.000,0.000,0.000,0.000,0.000,0.000,0.000,0.000,0.000,0.000,0.000,0.000,0.000,0.000,0.000,0.000,0.000,0.000,0.000,0.000,0.000,0.000,0.000,0.000,0.000,0.000,0.000,0.000,0.000,0.000,0.000,0.000,0.000,0.000,0.000,0.000,0.000,0.000
41 a 50,0.000,0.000,0.000,0.000,0.000,0.000,0.000,0.000,0.000,0.000,0.000,0.000,0.000,0.000,0.000,0.000,0.000,0.000,0.000,0.000,0.000,0.000,0.000,0.000,0.000,0.000,0.000,0.000,0.000,0.000,0.000,0.000,0.000,0.000,0.000,0.000,0.000,0.000,0.000,0.000,0.000,0.000,0.000,0.000,0.000,0.000,0.000,0.000,0.000,0.000,0.000,0.000,0.000,0.000,0.000,0.000,0.000,0.000,0.000,0.000,0.000,0.000,0.000,0.000,0.000,0.000,0.000,0.000,0.000,0.000,0.000,0.000,0.000,0.000,0.000,0.000,0.000,0.000,0.000,0.000,0.000,0.000,0.000,0.000,0.000,0.000,0.000,0.000,0.000,0.000,0.000,0.000,0.000,0.000,0.000,0.000,0.000,0.000,0.000,0.000,0.000,0.000,0.000,0.000,0.000,0.000,0.000,0.000,0.000,0.000,0.000,0.000,0.000,0.000,0.000,0.000,0.000,0.000,0.000,0.000,0.000,0.000,0.000,0.000,0.000,0.000,0.000,0.000,0.000,0.000,0.000,0.000,0.000,0.000,0.000
Mayor o igual a 51,0.000,0.000,0.000,0.000,0.000,0.000,0.000,0.000,0.000,0.000,0.000,0.000,0.000,0.000,0.000,0.000,0.000,0.000,0.000,0.000,0.000,0.000,0.000,0.000,0.000,0.000,0.000,0.000,0.000,0.000,0.000,0.000,0.000,0.000,0.000,0.000,0.000,0.000,0.000,0.000,0.000,0.000,0.000,0.000,0.000,0.000,0.000,0.000,0.000,0.000,0.000,0.000,0.000,0.000,0.000,0.000,0.000,0.000,0.000,0.000,0.000,0.000,0.000,0.000,0.000,0.000,0.000,0.000,0.000,0.000,0.000,0.000,0.000,0.000,0.000,0.000,0.000,0.000,0.000,0.000,0.000,0.000,0.000,0.000,0.000,0.000,0.000,0.000,0.000,0.000,0.000,0.000,0.000,0.000,0.000,0.000,0.000,0.000,0.000,0.000,0.000,0.000,0.000,0.000,0.000,0.000,0.000,0.000,0.000,0.000,0.000,0.000,0.000,0.000,0.000,0.000,0.000,0.000,0.000,0.000,0.000,0.000,0.000,0.000,0.000,0.000,0.000,0.000,0.000,0.000,0.000,0.000,0.000,0.000,0.000
Definitivo o base,957.000,0.193,0.920,3057.000,0.616,0.926,505.000,0.102,0.946,67.000,0.014,0.957,373.000,0.075,0.954,1261.000,0.254,0.926,3099.000,0.625,0.927,337.000,0.068,0.941,44.000,0.009,0.957,218.000,0.044,0.960,1674.000,0.338,0.932,2923.000,0.589,0.926,241.000,0.049,0.945,30.000,0.006,0.938,91.000,0.018,0.938,2017.000,0.407,0.929,2711.000,0.547,0.930,138.000,0.028,0.926,18.000,0.004,0.947,75.000,0.015,0.938,1201.000,0.242,0.916,3176.000,0.640,0.932,251.000,0.051,0.947,16.000,0.003,0.889,315.000,0.064,0.938,1919.000,0.387,0.921,2738.000,0.552,0.935,203.000,0.041,0.935,26.000,0.005,0.929,74.000,0.015,0.914,2417.000,0.487,0.922,2454.000,0.495,0.936,44.000,0.009,0.936,16.000,0.003,1.000,29.000,0.006,0.967,1583.000,0.319,0.920,2879.000,0.580,0.934,256.000,0.052,0.938,28.000,0.006,0.966,214.000,0.043,0.930,1250.000,0.252,0.914,3028.000,0.610,0.932,309.000,0.062,0.951,38.000,0.008,0.974,335.000,0.068,0.941
Interino,34.000,0.215,0.033,101.000,0.639,0.031,14.000,0.089,0.026,0.000,0.000,0.000,9.000,0.057,0.023,40.000,0.253,0.029,106.000,0.671,0.032,8.000,0.051,0.022,1.000,0.006,0.022,3.000,0.019,0.013,54.000,0.342,0.030,95.000,0.601,0.030,7.000,0.044,0.027,0.000,0.000,0.000,2.000,0.013,0.021,62.000,0.392,0.029,91.000,0.576,0.031,5.000,0.032,0.034,0.000,0.000,0.000,0.000,0.000,0.000,44.000,0.278,0.034,102.000,0.646,0.030,7.000,0.044,0.026,0.000,0.000,0.000,5.000,0.032,0.015,74.000,0.468,0.036,77.000,0.487,0.026,6.000,0.038,0.028,0.000,0.000,0.000,1.000,0.006,0.012,87.000,0.551,0.033,69.000,0.437,0.026,1.000,0.006,0.021,0.000,0.000,0.000,1.000,0.006,0.033,63.000,0.399,0.037,86.000,0.544,0.028,4.000,0.025,0.015,1.000,0.006,0.034,4.000,0.025,0.017,52.000,0.329,0.038,95.000,0.601,0.029,7.000,0.044,0.022,0.000,0.000,0.000,4.000,0.025,0.011
Tiempo fijo,22.000,0.234,0.021,61.000,0.649,0.018,6.000,0.064,0.011,1.000,0.011,0.014,4.000,0.043,0.010,28.000,0.298,0.021,54.000,0.574,0.016,7.000,0.074,0.020,1.000,0.011,0.022,4.000,0.043,0.018,31.000,0.330,0.017,56.000,0.596,0.018,3.000,0.032,0.012,2.000,0.021,0.063,2.000,0.021,0.021,43.000,0.457,0.020,44.000,0.468,0.015,2.000,0.021,0.013,1.000,0.011,0.053,4.000,0.043,0.050,31.000,0.330,0.024,51.000,0.543,0.015,3.000,0.032,0.011,1.000,0.011,0.056,8.000,0.085,0.024,43.000,0.457,0.021,44.000,0.468,0.015,4.000,0.043,0.018,1.000,0.011,0.036,2.000,0.021,0.025,52.000,0.553,0.020,42.000,0.447,0.016,0.000,0.000,0.000,0.000,0.000,0.000,0.000,0.000,0.000,32.000,0.340,0.019,51.000,0.543,0.017,5.000,0.053,0.018,0.000,0.000,0.000,6.000,0.064,0.026,33.000,0.351,0.024,49.000,0.521,0.015,3.000,0.032,0.009,0.000,0.000,0.000,9.000,0.096,0.025
No tengo nombramiento,6.000,0.188,0.006,23.000,0.719,0.007,1.000,0.031,0.002,1.000,0.031,0.014,1.000,0.031,0.003,10.000,0.313,0.007,20.000,0.625,0.006,2.000,0.063,0.006,0.000,0.000,0.000,0.000,0.000,0.000,8.000,0.250,0.004,21.000,0.656,0.007,2.000,0.063,0.008,0.000,0.000,0.000,1.000,0.031,0.010,14.000,0.438,0.006,17.000,0.531,0.006,1.000,0.031,0.007,0.000,0.000,0.000,0.000,0.000,0.000,10.000,0.313,0.008,19.000,0.594,0.006,1.000,0.031,0.004,0.000,0.000,0.000,2.000,0.063,0.006,12.000,0.375,0.006,17.000,0.531,0.006,2.000,0.063,0.009,0.000,0.000,0.000,1.000,0.031,0.012,16.000,0.500,0.006,15.000,0.469,0.006,1.000,0.031,0.021,0.000,0.000,0.000,0.000,0.000,0.000,11.000,0.344,0.006,18.000,0.563,0.006,2.000,0.063,0.007,0.000,0.000,0.000,1.000,0.031,0.004,11.000,0.344,0.008,21.000,0.656,0.006,0.000,0.000,0.000,0.000,0.000,0.000,0.000,0.000,0.000
Otro,21.000,0.226,0.020,59.000,0.634,0.018,8.000,0.086,0.015,1.000,0.011,0.014,4.000,0.043,0.010,23.000,0.247,0.017,64.000,0.688,0.019,4.000,0.043,0.011,0.000,0.000,0.000,2.000,0.022,0.009,30.000,0.323,0.017,60.000,0.645,0.019,2.000,0.022,0.008,0.000,0.000,0.000,1.000,0.011,0.010,36.000,0.387,0.017,53.000,0.570,0.018,3.000,0.032,0.020,0.000,0.000,0.000,1.000,0.011,0.013,25.000,0.269,0.019,58.000,0.624,0.017,3.000,0.032,0.011,1.000,0.011,0.056,6.000,0.065,0.018,35.000,0.376,0.017,52.000,0.559,0.018,2.000,0.022,0.009,1.000,0.011,0.036,3.000,0.032,0.037,50.000,0.538,0.019,42.000,0.452,0.016,1.000,0.011,0.021,0.000,0.000,0.000,0.000,0.000,0.000,32.000,0.344,0.019,50.000,0.538,0.016,6.000,0.065,0.022,0.000,0.000,0.000,5.000,0.054,0.022,22.000,0.237,0.016,56.000,0.602,0.017,6.000,0.065,0.018,1.000,0.011,0.026,8.000,0.086,0.022
GENERAL PÚBLICA,971.000,0.193,0.934,3100.000,0.618,0.939,508.000,0.101,0.951,68.000,0.014,0.971,372.000,0.074,0.951,1277.000,0.254,0.938,3140.000,0.626,0.939,343.000,0.068,0.958,45.000,0.009,0.978,214.000,0.043,0.943,1684.000,0.336,0.937,2964.000,0.591,0.939,245.000,0.049,0.961,31.000,0.006,0.969,95.000,0.019,0.979,2050.000,0.408,0.944,2732.000,0.544,0.937,142.000,0.028,0.953,19.000,0.004,1.000,76.000,0.015,0.950,1221.000,0.243,0.931,3211.000,0.640,0.943,253.000,0.050,0.955,18.000,0.004,1.000,316.000,0.063,0.940,1958.000,0.390,0.940,2749.000,0.548,0.939,210.000,0.042,0.968,25.000,0.005,0.893,78.000,0.016,0.963,2474.000,0.493,0.944,2458.000,0.490,0.937,43.000,0.009,0.915,15.000,0.003,0.938,30.000,0.006,1.000,1605.000,0.320,0.933,2900.000,0.578,0.940,263.000,0.052,0.963,29.000,0.006,1.000,223.000,0.044,0.970,1273.000,0.254,0.931,3054.000,0.608,0.940,314.000,0.063,0.966,37.000,0.007,0.949,342.000,0.068,0.961
INDÍGENAS,69.000,0.218,0.066,201.000,0.634,0.061,26.000,0.082,0.049,2.000,0.006,0.029,19.000,0.060,0.049,85.000,0.268,0.062,203.000,0.640,0.061,15.000,0.047,0.042,1.000,0.003,0.022,13.000,0.041,0.057,113.000,0.356,0.063,191.000,0.603,0.061,10.000,0.032,0.039,1.000,0.003,0.031,2.000,0.006,0.021,122.000,0.385,0.056,184.000,0.580,0.063,7.000,0.022,0.047,0.000,0.000,0.000,4.000,0.013,0.050,90.000,0.284,0.069,195.000,0.615,0.057,12.000,0.038,0.045,0.000,0.000,0.000,20.000,0.063,0.060,125.000,0.394,0.060,179.000,0.565,0.061,7.000,0.022,0.032,3.000,0.009,0.107,3.000,0.009,0.037,148.000,0.467,0.056,164.000,0.517,0.063,4.000,0.013,0.085,1.000,0.003,0.063,0.000,0.000,0.000,116.000,0.366,0.067,184.000,0.580,0.060,10.000,0.032,0.037,0.000,0.000,0.000,7.000,0.022,0.030,95.000,0.300,0.069,195.000,0.615,0.060,11.000,0.035,0.034,2.000,0.006,0.051,14.000,0.044,0.039
Total,1040.000,0.195,1.000,3301.000,0.619,1.000,534.000,0.100,1.000,70.000,0.013,1.000,391.000,0.073,1.000,1362.000,0.255,1.000,3343.000,0.626,1.000,358.000,0.067,1.000,46.000,0.009,1.000,227.000,0.043,1.000,1797.000,0.337,1.000,3155.000,0.591,1.000,255.000,0.048,1.000,32.000,0.006,1.000,97.000,0.018,1.000,2172.000,0.407,1.000,2916.000,0.546,1.000,149.000,0.028,1.000,19.000,0.004,1.000,80.000,0.015,1.000,1311.000,0.246,1.000,3406.000,0.638,1.000,265.000,0.050,1.000,18.000,0.003,1.000,336.000,0.063,1.000,2083.000,0.390,1.000,2928.000,0.549,1.000,217.000,0.041,1.000,28.000,0.005,1.000,81.000,0.015,1.000,2622.000,0.491,1.000,2622.000,0.491,1.000,47.000,0.009,1.000,16.000,0.003,1.000,30.000,0.006,1.000,1721.000,0.322,1.000,3084.000,0.578,1.000,273.000,0.051,1.000,29.000,0.005,1.000,230.000,0.043,1.000,1368.000,0.256,1.000,3249.000,0.609,1.000,325.000,0.061,1.000,39.000,0.007,1.000,356.000,0.067,1.000
