Entidad,B4-A-Muy difícil-Recuento,B4-A-Muy difícil-% del N de fila,B4-A-Muy difícil-% de N columnas,B4-A-Difícil-Recuento,B4-A-Difícil-% del N de fila,B4-A-Difícil-% de N columnas,B4-A-Poco difícil-Recuento,B4-A-Poco difícil-% del N de fila,B4-A-Poco difícil-% de N columnas,B4-A-Nada difícil-Recuento,B4-A-Nada difícil-% del N de fila,B4-A-Nada difícil-% de N columnas,B4-B-Muy difícil-Recuento,B4-B-Muy difícil-% del N de fila,B4-B-Muy difícil-% de N columnas,B4-B-Difícil-Recuento,B4-B-Difícil-% del N de fila,B4-B-Difícil-% de N columnas,B4-B-Poco difícil-Recuento,B4-B-Poco difícil-% del N de fila,B4-B-Poco difícil-% de N columnas,B4-B-Nada difícil-Recuento,B4-B-Nada difícil-% del N de fila,B4-B-Nada difícil-% de N columnas,B4-C-Muy difícil-Recuento,B4-C-Muy difícil-% del N de fila,B4-C-Muy difícil-% de N columnas,B4-C-Difícil-Recuento,B4-C-Difícil-% del N de fila,B4-C-Difícil-% de N columnas,B4-C-Poco difícil-Recuento,B4-C-Poco difícil-% del N de fila,B4-C-Poco difícil-% de N columnas,B4-C-Nada difícil-Recuento,B4-C-Nada difícil-% del N de fila,B4-C-Nada difícil-% de N columnas,B4-D-Muy difícil-Recuento,B4-D-Muy difícil-% del N de fila,B4-D-Muy difícil-% de N columnas,B4-D-Difícil-Recuento,B4-D-Difícil-% del N de fila,B4-D-Difícil-% de N columnas,B4-D-Poco difícil-Recuento,B4-D-Poco difícil-% del N de fila,B4-D-Poco difícil-% de N columnas,B4-D-Nada difícil-Recuento,B4-D-Nada difícil-% del N de fila,B4-D-Nada difícil-% de N columnas,B4-E-Muy difícil-Recuento,B4-E-Muy difícil-% del N de fila,B4-E-Muy difícil-% de N columnas,B4-E-Difícil-Recuento,B4-E-Difícil-% del N de fila,B4-E-Difícil-% de N columnas,B4-E-Poco difícil-Recuento,B4-E-Poco difícil-% del N de fila,B4-E-Poco difícil-% de N columnas,B4-E-Nada difícil-Recuento,B4-E-Nada difícil-% del N de fila,B4-E-Nada difícil-% de N columnas,B4-F-Muy difícil-Recuento,B4-F-Muy difícil-% del N de fila,B4-F-Muy difícil-% de N columnas,B4-F-Difícil-Recuento,B4-F-Difícil-% del N de fila,B4-F-Difícil-% de N columnas,B4-F-Poco difícil-Recuento,B4-F-Poco difícil-% del N de fila,B4-F-Poco difícil-% de N columnas,B4-F-Nada difícil-Recuento,B4-F-Nada difícil-% del N de fila,B4-F-Nada difícil-% de N columnas,B4-G-Muy difícil-Recuento,B4-G-Muy difícil-% del N de fila,B4-G-Muy difícil-% de N columnas,B4-G-Difícil-Recuento,B4-G-Difícil-% del N de fila,B4-G-Difícil-% de N columnas,B4-G-Poco difícil-Recuento,B4-G-Poco difícil-% del N de fila,B4-G-Poco difícil-% de N columnas,B4-G-Nada difícil-Recuento,B4-G-Nada difícil-% del N de fila,B4-G-Nada difícil-% de N columnas,B4-H-Muy difícil-Recuento,B4-H-Muy difícil-% del N de fila,B4-H-Muy difícil-% de N columnas,B4-H-Difícil-Recuento,B4-H-Difícil-% del N de fila,B4-H-Difícil-% de N columnas,B4-H-Poco difícil-Recuento,B4-H-Poco difícil-% del N de fila,B4-H-Poco difícil-% de N columnas,B4-H-Nada difícil-Recuento,B4-H-Nada difícil-% del N de fila,B4-H-Nada difícil-% de N columnas,B4-I-Muy difícil-Recuento,B4-I-Muy difícil-% del N de fila,B4-I-Muy difícil-% de N columnas,B4-I-Difícil-Recuento,B4-I-Difícil-% del N de fila,B4-I-Difícil-% de N columnas,B4-I-Poco difícil-Recuento,B4-I-Poco difícil-% del N de fila,B4-I-Poco difícil-% de N columnas,B4-I-Nada difícil-Recuento,B4-I-Nada difícil-% del N de fila,B4-I-Nada difícil-% de N columnas,B4-J-Muy difícil-Recuento,B4-J-Muy difícil-% del N de fila,B4-J-Muy difícil-% de N columnas,B4-J-Difícil-Recuento,B4-J-Difícil-% del N de fila,B4-J-Difícil-% de N columnas,B4-J-Poco difícil-Recuento,B4-J-Poco difícil-% del N de fila,B4-J-Poco difícil-% de N columnas,B4-J-Nada difícil-Recuento,B4-J-Nada difícil-% del N de fila,B4-J-Nada difícil-% de N columnas,B4-K-Muy difícil-Recuento,B4-K-Muy difícil-% del N de fila,B4-K-Muy difícil-% de N columnas,B4-K-Difícil-Recuento,B4-K-Difícil-% del N de fila,B4-K-Difícil-% de N columnas,B4-K-Poco difícil-Recuento,B4-K-Poco difícil-% del N de fila,B4-K-Poco difícil-% de N columnas,B4-K-Nada difícil-Recuento,B4-K-Nada difícil-% del N de fila,B4-K-Nada difícil-% de N columnas
AGUASCALIENTES,14.000,0.048,0.048,128.000,0.437,0.071,127.000,0.433,0.047,24.000,0.082,0.041,25.000,0.085,0.087,75.000,0.256,0.061,152.000,0.519,0.055,41.000,0.140,0.039,39.000,0.133,0.055,126.000,0.430,0.062,110.000,0.375,0.050,18.000,0.061,0.041,6.000,0.020,0.059,52.000,0.177,0.071,167.000,0.570,0.055,68.000,0.232,0.046,29.000,0.099,0.041,111.000,0.379,0.057,126.000,0.430,0.055,27.000,0.092,0.065,13.000,0.044,0.061,70.000,0.239,0.058,164.000,0.560,0.055,46.000,0.157,0.049,9.000,0.031,0.043,118.000,0.403,0.069,147.000,0.502,0.049,19.000,0.065,0.045,17.000,0.058,0.053,76.000,0.259,0.055,161.000,0.549,0.057,39.000,0.133,0.046,11.000,0.038,0.047,96.000,0.328,0.073,143.000,0.488,0.050,43.000,0.147,0.046,24.000,0.082,0.072,107.000,0.365,0.065,145.000,0.495,0.051,17.000,0.058,0.033,22.000,0.075,0.065,119.000,0.406,0.068,137.000,0.468,0.049,15.000,0.051,0.031
BAJA CALIFORNIA,3.000,0.071,0.010,16.000,0.381,0.009,22.000,0.524,0.008,1.000,0.024,0.002,1.000,0.024,0.003,6.000,0.143,0.005,26.000,0.619,0.009,9.000,0.214,0.009,5.000,0.119,0.007,15.000,0.357,0.007,18.000,0.429,0.008,4.000,0.095,0.009,0.000,0.000,0.000,3.000,0.071,0.004,26.000,0.619,0.009,13.000,0.310,0.009,1.000,0.024,0.001,21.000,0.500,0.011,18.000,0.429,0.008,2.000,0.048,0.005,0.000,0.000,0.000,11.000,0.262,0.009,22.000,0.524,0.007,9.000,0.214,0.010,1.000,0.024,0.005,17.000,0.405,0.010,22.000,0.524,0.007,2.000,0.048,0.005,3.000,0.071,0.009,8.000,0.190,0.006,24.000,0.571,0.009,7.000,0.167,0.008,1.000,0.024,0.004,9.000,0.214,0.007,25.000,0.595,0.009,7.000,0.167,0.007,2.000,0.048,0.006,12.000,0.286,0.007,25.000,0.595,0.009,3.000,0.071,0.006,3.000,0.071,0.009,13.000,0.310,0.007,25.000,0.595,0.009,1.000,0.024,0.002
BAJA CALIFORNIA SUR,6.000,0.028,0.021,51.000,0.238,0.028,113.000,0.528,0.042,44.000,0.206,0.074,12.000,0.056,0.042,43.000,0.201,0.035,105.000,0.491,0.038,54.000,0.252,0.051,17.000,0.079,0.024,91.000,0.425,0.045,90.000,0.421,0.041,16.000,0.075,0.037,2.000,0.009,0.020,26.000,0.121,0.036,117.000,0.547,0.038,69.000,0.322,0.047,33.000,0.154,0.046,68.000,0.318,0.035,100.000,0.467,0.044,13.000,0.061,0.031,10.000,0.047,0.047,47.000,0.220,0.039,114.000,0.533,0.038,43.000,0.201,0.046,7.000,0.033,0.034,53.000,0.248,0.031,135.000,0.631,0.045,19.000,0.089,0.045,10.000,0.047,0.031,55.000,0.257,0.040,112.000,0.523,0.040,37.000,0.173,0.044,3.000,0.014,0.013,39.000,0.182,0.030,121.000,0.565,0.042,51.000,0.238,0.054,11.000,0.051,0.033,69.000,0.322,0.042,119.000,0.556,0.041,15.000,0.070,0.029,15.000,0.070,0.045,67.000,0.313,0.038,117.000,0.547,0.042,15.000,0.070,0.031
CAMPECHE,8.000,0.043,0.028,59.000,0.316,0.033,101.000,0.540,0.038,19.000,0.102,0.032,13.000,0.070,0.045,37.000,0.198,0.030,102.000,0.545,0.037,35.000,0.187,0.033,27.000,0.144,0.038,83.000,0.444,0.041,66.000,0.353,0.030,11.000,0.059,0.025,9.000,0.048,0.089,22.000,0.118,0.030,112.000,0.599,0.037,44.000,0.235,0.030,23.000,0.123,0.032,76.000,0.406,0.039,74.000,0.396,0.032,14.000,0.075,0.034,7.000,0.037,0.033,35.000,0.187,0.029,105.000,0.561,0.035,40.000,0.214,0.042,8.000,0.043,0.038,51.000,0.273,0.030,118.000,0.631,0.039,10.000,0.053,0.024,11.000,0.059,0.034,47.000,0.251,0.034,95.000,0.508,0.034,34.000,0.182,0.040,9.000,0.048,0.039,39.000,0.209,0.030,105.000,0.561,0.037,34.000,0.182,0.036,11.000,0.059,0.033,45.000,0.241,0.027,116.000,0.620,0.040,15.000,0.080,0.029,10.000,0.053,0.030,55.000,0.294,0.032,107.000,0.572,0.038,15.000,0.080,0.031
CHIAPAS,2.000,0.033,0.007,24.000,0.393,0.013,30.000,0.492,0.011,5.000,0.082,0.008,7.000,0.115,0.024,24.000,0.393,0.019,27.000,0.443,0.010,3.000,0.049,0.003,10.000,0.164,0.014,28.000,0.459,0.014,18.000,0.295,0.008,5.000,0.082,0.011,1.000,0.016,0.010,12.000,0.197,0.016,34.000,0.557,0.011,14.000,0.230,0.009,12.000,0.197,0.017,24.000,0.393,0.012,19.000,0.311,0.008,6.000,0.098,0.015,2.000,0.033,0.009,14.000,0.230,0.012,34.000,0.557,0.011,11.000,0.180,0.012,3.000,0.049,0.014,21.000,0.344,0.012,33.000,0.541,0.011,4.000,0.066,0.010,4.000,0.066,0.013,18.000,0.295,0.013,36.000,0.590,0.013,3.000,0.049,0.004,4.000,0.066,0.017,14.000,0.230,0.011,34.000,0.557,0.012,9.000,0.148,0.010,8.000,0.131,0.024,22.000,0.361,0.013,28.000,0.459,0.010,3.000,0.049,0.006,7.000,0.115,0.021,25.000,0.410,0.014,26.000,0.426,0.009,3.000,0.049,0.006
CHIHUAHUA,29.000,0.113,0.100,71.000,0.277,0.040,128.000,0.500,0.048,28.000,0.109,0.047,20.000,0.078,0.070,50.000,0.195,0.040,114.000,0.445,0.041,72.000,0.281,0.069,45.000,0.176,0.064,96.000,0.375,0.048,102.000,0.398,0.047,13.000,0.051,0.030,7.000,0.027,0.069,29.000,0.113,0.040,122.000,0.477,0.040,98.000,0.383,0.066,39.000,0.152,0.055,84.000,0.328,0.043,121.000,0.473,0.053,12.000,0.047,0.029,18.000,0.070,0.085,58.000,0.227,0.048,127.000,0.496,0.043,53.000,0.207,0.056,16.000,0.063,0.077,75.000,0.293,0.044,147.000,0.574,0.049,18.000,0.070,0.043,14.000,0.055,0.044,57.000,0.223,0.041,144.000,0.563,0.051,41.000,0.160,0.048,18.000,0.070,0.078,58.000,0.227,0.044,130.000,0.508,0.045,50.000,0.195,0.053,24.000,0.094,0.072,72.000,0.281,0.044,137.000,0.535,0.048,23.000,0.090,0.045,21.000,0.082,0.063,78.000,0.305,0.045,133.000,0.520,0.048,24.000,0.094,0.050
CIUDAD DE MÉXICO,13.000,0.055,0.045,77.000,0.324,0.043,118.000,0.496,0.044,30.000,0.126,0.051,23.000,0.097,0.080,59.000,0.248,0.048,122.000,0.513,0.044,34.000,0.143,0.032,52.000,0.218,0.074,84.000,0.353,0.042,90.000,0.378,0.041,12.000,0.050,0.027,5.000,0.021,0.050,41.000,0.172,0.056,133.000,0.559,0.044,59.000,0.248,0.040,38.000,0.160,0.053,87.000,0.366,0.045,101.000,0.424,0.044,12.000,0.050,0.029,15.000,0.063,0.071,81.000,0.340,0.067,117.000,0.492,0.039,25.000,0.105,0.026,15.000,0.063,0.072,84.000,0.353,0.049,126.000,0.529,0.042,13.000,0.055,0.031,19.000,0.080,0.060,74.000,0.311,0.054,117.000,0.492,0.042,28.000,0.118,0.033,11.000,0.046,0.047,64.000,0.269,0.048,132.000,0.555,0.046,31.000,0.130,0.033,13.000,0.055,0.039,86.000,0.361,0.053,117.000,0.492,0.041,22.000,0.092,0.043,18.000,0.076,0.054,92.000,0.387,0.053,108.000,0.454,0.039,20.000,0.084,0.042
COAHUILA,3.000,0.036,0.010,28.000,0.337,0.016,43.000,0.518,0.016,9.000,0.108,0.015,4.000,0.048,0.014,15.000,0.181,0.012,46.000,0.554,0.017,18.000,0.217,0.017,7.000,0.084,0.010,35.000,0.422,0.017,32.000,0.386,0.015,9.000,0.108,0.021,0.000,0.000,0.000,12.000,0.145,0.016,49.000,0.590,0.016,22.000,0.265,0.015,8.000,0.096,0.011,27.000,0.325,0.014,40.000,0.482,0.017,8.000,0.096,0.019,0.000,0.000,0.000,20.000,0.241,0.017,48.000,0.578,0.016,15.000,0.181,0.016,0.000,0.000,0.000,30.000,0.361,0.018,47.000,0.566,0.016,6.000,0.072,0.014,1.000,0.012,0.003,25.000,0.301,0.018,45.000,0.542,0.016,12.000,0.145,0.014,2.000,0.024,0.009,19.000,0.229,0.014,47.000,0.566,0.016,15.000,0.181,0.016,2.000,0.024,0.006,32.000,0.386,0.020,37.000,0.446,0.013,12.000,0.145,0.024,3.000,0.036,0.009,30.000,0.361,0.017,44.000,0.530,0.016,6.000,0.072,0.013
COLIMA,14.000,0.071,0.048,67.000,0.338,0.037,96.000,0.485,0.036,21.000,0.106,0.036,9.000,0.045,0.031,32.000,0.162,0.026,96.000,0.485,0.035,61.000,0.308,0.058,26.000,0.131,0.037,70.000,0.354,0.035,83.000,0.419,0.038,19.000,0.096,0.043,3.000,0.015,0.030,19.000,0.096,0.026,108.000,0.545,0.036,68.000,0.343,0.046,39.000,0.197,0.055,84.000,0.424,0.043,68.000,0.343,0.030,7.000,0.035,0.017,10.000,0.051,0.047,47.000,0.237,0.039,110.000,0.556,0.037,31.000,0.157,0.033,13.000,0.066,0.063,59.000,0.298,0.035,116.000,0.586,0.038,10.000,0.051,0.024,18.000,0.091,0.056,61.000,0.308,0.044,86.000,0.434,0.031,33.000,0.167,0.039,8.000,0.040,0.034,49.000,0.247,0.037,103.000,0.520,0.036,38.000,0.192,0.041,17.000,0.086,0.051,47.000,0.237,0.029,109.000,0.551,0.038,25.000,0.126,0.049,15.000,0.076,0.045,50.000,0.253,0.029,108.000,0.545,0.039,25.000,0.126,0.052
DURANGO,20.000,0.075,0.069,98.000,0.366,0.055,126.000,0.470,0.047,24.000,0.090,0.041,12.000,0.045,0.042,73.000,0.272,0.059,141.000,0.526,0.051,42.000,0.157,0.040,41.000,0.153,0.058,115.000,0.429,0.057,101.000,0.377,0.046,11.000,0.041,0.025,9.000,0.034,0.089,36.000,0.134,0.049,160.000,0.597,0.053,63.000,0.235,0.043,52.000,0.194,0.073,89.000,0.332,0.046,112.000,0.418,0.049,15.000,0.056,0.036,18.000,0.067,0.085,65.000,0.243,0.054,147.000,0.549,0.049,38.000,0.142,0.040,10.000,0.037,0.048,93.000,0.347,0.055,148.000,0.552,0.049,17.000,0.063,0.040,16.000,0.060,0.050,82.000,0.306,0.059,134.000,0.500,0.048,36.000,0.134,0.043,10.000,0.037,0.043,72.000,0.269,0.055,148.000,0.552,0.052,38.000,0.142,0.041,14.000,0.052,0.042,86.000,0.321,0.053,144.000,0.537,0.050,24.000,0.090,0.047,16.000,0.060,0.048,89.000,0.332,0.051,144.000,0.537,0.052,19.000,0.071,0.040
ESTADO DE MÉXICO,9.000,0.049,0.031,68.000,0.370,0.038,90.000,0.489,0.034,17.000,0.092,0.029,13.000,0.071,0.045,49.000,0.266,0.040,101.000,0.549,0.036,21.000,0.114,0.020,28.000,0.152,0.040,69.000,0.375,0.034,72.000,0.391,0.033,15.000,0.082,0.034,4.000,0.022,0.040,28.000,0.152,0.038,112.000,0.609,0.037,40.000,0.217,0.027,17.000,0.092,0.024,68.000,0.370,0.035,82.000,0.446,0.036,17.000,0.092,0.041,7.000,0.038,0.033,46.000,0.250,0.038,100.000,0.543,0.033,31.000,0.168,0.033,8.000,0.043,0.038,72.000,0.391,0.042,91.000,0.495,0.030,13.000,0.071,0.031,14.000,0.076,0.044,52.000,0.283,0.038,88.000,0.478,0.031,30.000,0.163,0.035,9.000,0.049,0.039,54.000,0.293,0.041,100.000,0.543,0.035,21.000,0.114,0.022,7.000,0.038,0.021,61.000,0.332,0.037,97.000,0.527,0.034,19.000,0.103,0.037,6.000,0.033,0.018,57.000,0.310,0.033,99.000,0.538,0.035,22.000,0.120,0.046
GUANAJUATO,13.000,0.051,0.045,76.000,0.298,0.042,135.000,0.529,0.050,31.000,0.122,0.052,15.000,0.059,0.052,54.000,0.212,0.044,124.000,0.486,0.045,62.000,0.243,0.059,31.000,0.122,0.044,85.000,0.333,0.042,120.000,0.471,0.055,19.000,0.075,0.043,3.000,0.012,0.030,33.000,0.129,0.045,141.000,0.553,0.046,78.000,0.306,0.053,35.000,0.137,0.049,93.000,0.365,0.048,99.000,0.388,0.043,28.000,0.110,0.068,11.000,0.043,0.052,62.000,0.243,0.051,131.000,0.514,0.044,51.000,0.200,0.054,18.000,0.071,0.087,77.000,0.302,0.045,134.000,0.525,0.044,26.000,0.102,0.062,14.000,0.055,0.044,47.000,0.184,0.034,147.000,0.576,0.052,47.000,0.184,0.056,9.000,0.035,0.039,59.000,0.231,0.045,132.000,0.518,0.046,55.000,0.216,0.059,14.000,0.055,0.042,89.000,0.349,0.054,120.000,0.471,0.042,32.000,0.125,0.063,15.000,0.059,0.045,93.000,0.365,0.053,114.000,0.447,0.041,33.000,0.129,0.069
GUERRERO,1.000,0.056,0.003,8.000,0.444,0.004,8.000,0.444,0.003,1.000,0.056,0.002,0.000,0.000,0.000,5.000,0.278,0.004,10.000,0.556,0.004,3.000,0.167,0.003,0.000,0.000,0.000,8.000,0.444,0.004,9.000,0.500,0.004,1.000,0.056,0.002,0.000,0.000,0.000,4.000,0.222,0.005,13.000,0.722,0.004,1.000,0.056,0.001,0.000,0.000,0.000,8.000,0.444,0.004,10.000,0.556,0.004,0.000,0.000,0.000,0.000,0.000,0.000,6.000,0.333,0.005,10.000,0.556,0.003,2.000,0.111,0.002,0.000,0.000,0.000,7.000,0.389,0.004,10.000,0.556,0.003,1.000,0.056,0.002,0.000,0.000,0.000,5.000,0.278,0.004,9.000,0.500,0.003,4.000,0.222,0.005,0.000,0.000,0.000,5.000,0.278,0.004,11.000,0.611,0.004,2.000,0.111,0.002,0.000,0.000,0.000,4.000,0.222,0.002,12.000,0.667,0.004,2.000,0.111,0.004,0.000,0.000,0.000,4.000,0.222,0.002,13.000,0.722,0.005,1.000,0.056,0.002
HIDALGO,12.000,0.069,0.042,65.000,0.371,0.036,83.000,0.474,0.031,15.000,0.086,0.025,9.000,0.051,0.031,45.000,0.257,0.036,93.000,0.531,0.033,28.000,0.160,0.027,16.000,0.091,0.023,66.000,0.377,0.033,78.000,0.446,0.036,15.000,0.086,0.034,5.000,0.029,0.050,34.000,0.194,0.047,94.000,0.537,0.031,42.000,0.240,0.028,17.000,0.097,0.024,64.000,0.366,0.033,77.000,0.440,0.034,17.000,0.097,0.041,7.000,0.040,0.033,34.000,0.194,0.028,111.000,0.634,0.037,23.000,0.131,0.024,7.000,0.040,0.034,60.000,0.345,0.035,94.000,0.540,0.031,13.000,0.075,0.031,8.000,0.046,0.025,49.000,0.282,0.035,91.000,0.523,0.032,26.000,0.149,0.031,9.000,0.052,0.039,54.000,0.310,0.041,87.000,0.500,0.030,24.000,0.138,0.026,14.000,0.080,0.042,57.000,0.328,0.035,87.000,0.500,0.030,16.000,0.092,0.031,13.000,0.075,0.039,59.000,0.339,0.034,89.000,0.511,0.032,13.000,0.075,0.027
JALISCO,3.000,0.016,0.010,56.000,0.303,0.031,104.000,0.562,0.039,22.000,0.119,0.037,8.000,0.043,0.028,43.000,0.232,0.035,100.000,0.541,0.036,34.000,0.184,0.032,22.000,0.119,0.031,77.000,0.416,0.038,72.000,0.389,0.033,14.000,0.076,0.032,2.000,0.011,0.020,23.000,0.124,0.031,109.000,0.589,0.036,51.000,0.276,0.034,22.000,0.119,0.031,54.000,0.292,0.028,90.000,0.486,0.039,19.000,0.103,0.046,4.000,0.022,0.019,36.000,0.195,0.030,119.000,0.643,0.040,26.000,0.141,0.028,4.000,0.022,0.019,58.000,0.314,0.034,103.000,0.557,0.034,20.000,0.108,0.048,12.000,0.065,0.038,45.000,0.243,0.033,94.000,0.508,0.034,34.000,0.184,0.040,4.000,0.022,0.017,39.000,0.211,0.030,104.000,0.562,0.036,38.000,0.205,0.041,9.000,0.049,0.027,60.000,0.324,0.037,101.000,0.546,0.035,15.000,0.081,0.029,7.000,0.038,0.021,59.000,0.319,0.034,104.000,0.562,0.037,15.000,0.081,0.031
MICHOACÁN,2.000,0.042,0.007,20.000,0.417,0.011,24.000,0.500,0.009,2.000,0.042,0.003,5.000,0.104,0.017,15.000,0.313,0.012,22.000,0.458,0.008,6.000,0.125,0.006,6.000,0.125,0.008,22.000,0.458,0.011,18.000,0.375,0.008,2.000,0.042,0.005,0.000,0.000,0.000,11.000,0.229,0.015,31.000,0.646,0.010,6.000,0.125,0.004,5.000,0.104,0.007,26.000,0.542,0.013,17.000,0.354,0.007,0.000,0.000,0.000,0.000,0.000,0.000,20.000,0.417,0.017,24.000,0.500,0.008,4.000,0.083,0.004,1.000,0.021,0.005,14.000,0.292,0.008,31.000,0.646,0.010,2.000,0.042,0.005,2.000,0.042,0.006,18.000,0.375,0.013,20.000,0.417,0.007,8.000,0.167,0.009,1.000,0.021,0.004,15.000,0.313,0.011,28.000,0.583,0.010,4.000,0.083,0.004,1.000,0.021,0.003,17.000,0.354,0.010,29.000,0.604,0.010,1.000,0.021,0.002,1.000,0.021,0.003,18.000,0.375,0.010,27.000,0.563,0.010,2.000,0.042,0.004
MORELOS,14.000,0.084,0.048,48.000,0.289,0.027,86.000,0.518,0.032,18.000,0.108,0.030,6.000,0.036,0.021,44.000,0.265,0.036,79.000,0.476,0.028,37.000,0.223,0.035,31.000,0.187,0.044,71.000,0.428,0.035,50.000,0.301,0.023,14.000,0.084,0.032,4.000,0.024,0.040,30.000,0.181,0.041,92.000,0.554,0.030,40.000,0.241,0.027,23.000,0.139,0.032,72.000,0.434,0.037,56.000,0.337,0.024,15.000,0.090,0.036,8.000,0.048,0.038,37.000,0.223,0.031,91.000,0.548,0.030,30.000,0.181,0.032,8.000,0.048,0.038,58.000,0.349,0.034,88.000,0.530,0.029,12.000,0.072,0.029,13.000,0.078,0.041,48.000,0.289,0.035,83.000,0.500,0.030,22.000,0.133,0.026,9.000,0.054,0.039,47.000,0.283,0.036,83.000,0.500,0.029,27.000,0.163,0.029,13.000,0.078,0.039,49.000,0.295,0.030,89.000,0.536,0.031,15.000,0.090,0.029,14.000,0.084,0.042,48.000,0.289,0.027,89.000,0.536,0.032,15.000,0.090,0.031
NAYARIT,6.000,0.031,0.021,57.000,0.297,0.032,103.000,0.536,0.039,26.000,0.135,0.044,9.000,0.047,0.031,35.000,0.182,0.028,103.000,0.536,0.037,45.000,0.234,0.043,32.000,0.167,0.045,66.000,0.344,0.033,77.000,0.401,0.035,17.000,0.089,0.039,0.000,0.000,0.000,18.000,0.094,0.025,104.000,0.542,0.034,70.000,0.365,0.047,31.000,0.161,0.043,56.000,0.292,0.029,88.000,0.458,0.038,17.000,0.089,0.041,7.000,0.036,0.033,27.000,0.141,0.022,123.000,0.641,0.041,35.000,0.182,0.037,2.000,0.010,0.010,44.000,0.229,0.026,129.000,0.672,0.043,17.000,0.089,0.040,5.000,0.026,0.016,46.000,0.240,0.033,90.000,0.469,0.032,51.000,0.266,0.060,7.000,0.036,0.030,34.000,0.177,0.026,104.000,0.542,0.036,47.000,0.245,0.050,10.000,0.052,0.030,52.000,0.271,0.032,111.000,0.578,0.039,19.000,0.099,0.037,9.000,0.047,0.027,59.000,0.307,0.034,103.000,0.536,0.037,21.000,0.109,0.044
NUEVO LEÓN,0.000,0.000,0.000,12.000,0.353,0.007,14.000,0.412,0.005,8.000,0.235,0.014,1.000,0.029,0.003,5.000,0.147,0.004,18.000,0.529,0.006,10.000,0.294,0.010,1.000,0.029,0.001,13.000,0.382,0.006,16.000,0.471,0.007,4.000,0.118,0.009,2.000,0.059,0.020,3.000,0.088,0.004,18.000,0.529,0.006,11.000,0.324,0.007,4.000,0.118,0.006,11.000,0.324,0.006,15.000,0.441,0.007,4.000,0.118,0.010,3.000,0.088,0.014,2.000,0.059,0.002,22.000,0.647,0.007,7.000,0.206,0.007,1.000,0.029,0.005,6.000,0.176,0.004,23.000,0.676,0.008,4.000,0.118,0.010,3.000,0.088,0.009,8.000,0.235,0.006,15.000,0.441,0.005,8.000,0.235,0.009,1.000,0.029,0.004,8.000,0.235,0.006,15.000,0.441,0.005,10.000,0.294,0.011,4.000,0.118,0.012,10.000,0.294,0.006,17.000,0.500,0.006,3.000,0.088,0.006,4.000,0.118,0.012,10.000,0.294,0.006,15.000,0.441,0.005,5.000,0.147,0.010
PUEBLA,8.000,0.042,0.028,74.000,0.387,0.041,104.000,0.545,0.039,5.000,0.026,0.008,9.000,0.047,0.031,48.000,0.251,0.039,104.000,0.545,0.037,30.000,0.157,0.029,29.000,0.152,0.041,63.000,0.330,0.031,86.000,0.450,0.039,13.000,0.068,0.030,3.000,0.016,0.030,36.000,0.188,0.049,110.000,0.576,0.036,42.000,0.220,0.028,8.000,0.042,0.011,76.000,0.398,0.039,92.000,0.482,0.040,15.000,0.079,0.036,4.000,0.021,0.019,31.000,0.162,0.026,122.000,0.639,0.041,34.000,0.178,0.036,3.000,0.016,0.014,69.000,0.361,0.040,111.000,0.581,0.037,8.000,0.042,0.019,11.000,0.058,0.034,43.000,0.225,0.031,108.000,0.565,0.039,29.000,0.152,0.034,6.000,0.031,0.026,63.000,0.330,0.048,103.000,0.539,0.036,19.000,0.099,0.020,5.000,0.026,0.015,60.000,0.314,0.037,114.000,0.597,0.040,12.000,0.063,0.024,7.000,0.037,0.021,62.000,0.325,0.036,113.000,0.592,0.041,9.000,0.047,0.019
QUERÉTARO,9.000,0.037,0.031,98.000,0.407,0.055,111.000,0.461,0.042,23.000,0.095,0.039,13.000,0.054,0.045,62.000,0.257,0.050,129.000,0.535,0.046,37.000,0.154,0.035,38.000,0.158,0.054,96.000,0.398,0.048,84.000,0.349,0.038,23.000,0.095,0.053,4.000,0.017,0.040,38.000,0.158,0.052,148.000,0.614,0.049,51.000,0.212,0.034,49.000,0.203,0.069,102.000,0.423,0.053,78.000,0.324,0.034,12.000,0.050,0.029,7.000,0.029,0.033,75.000,0.311,0.062,128.000,0.531,0.043,31.000,0.129,0.033,7.000,0.029,0.034,84.000,0.349,0.049,128.000,0.531,0.042,22.000,0.091,0.052,26.000,0.108,0.082,76.000,0.315,0.055,112.000,0.465,0.040,27.000,0.112,0.032,11.000,0.046,0.047,63.000,0.261,0.048,126.000,0.523,0.044,41.000,0.170,0.044,18.000,0.075,0.054,80.000,0.332,0.049,126.000,0.523,0.044,17.000,0.071,0.033,23.000,0.095,0.068,81.000,0.336,0.046,125.000,0.519,0.045,12.000,0.050,0.025
QUINTANA ROO,11.000,0.054,0.038,61.000,0.302,0.034,110.000,0.545,0.041,20.000,0.099,0.034,3.000,0.015,0.010,41.000,0.203,0.033,125.000,0.619,0.045,33.000,0.163,0.031,21.000,0.104,0.030,65.000,0.322,0.032,93.000,0.460,0.043,23.000,0.114,0.053,2.000,0.010,0.020,30.000,0.149,0.041,98.000,0.485,0.032,72.000,0.356,0.049,36.000,0.178,0.050,60.000,0.297,0.031,93.000,0.460,0.041,13.000,0.064,0.031,7.000,0.035,0.033,43.000,0.213,0.036,114.000,0.564,0.038,38.000,0.188,0.040,9.000,0.045,0.043,50.000,0.248,0.029,122.000,0.604,0.040,21.000,0.104,0.050,6.000,0.030,0.019,52.000,0.257,0.038,107.000,0.530,0.038,37.000,0.183,0.044,11.000,0.054,0.047,51.000,0.252,0.039,99.000,0.490,0.035,41.000,0.203,0.044,15.000,0.074,0.045,52.000,0.257,0.032,109.000,0.540,0.038,26.000,0.129,0.051,10.000,0.050,0.030,62.000,0.307,0.036,104.000,0.515,0.037,26.000,0.129,0.054
SAN LUIS POTOSÍ,19.000,0.078,0.066,100.000,0.408,0.056,109.000,0.445,0.041,17.000,0.069,0.029,13.000,0.053,0.045,82.000,0.335,0.066,119.000,0.486,0.043,31.000,0.127,0.030,33.000,0.135,0.047,93.000,0.380,0.046,100.000,0.408,0.046,19.000,0.078,0.043,5.000,0.020,0.050,37.000,0.151,0.051,145.000,0.592,0.048,58.000,0.237,0.039,38.000,0.155,0.053,88.000,0.359,0.045,98.000,0.400,0.043,21.000,0.086,0.051,10.000,0.041,0.047,66.000,0.269,0.055,128.000,0.522,0.043,41.000,0.167,0.043,11.000,0.045,0.053,88.000,0.359,0.052,134.000,0.547,0.044,12.000,0.049,0.029,18.000,0.073,0.056,61.000,0.249,0.044,134.000,0.547,0.048,32.000,0.131,0.038,15.000,0.061,0.065,67.000,0.273,0.051,133.000,0.543,0.047,30.000,0.122,0.032,18.000,0.073,0.054,92.000,0.376,0.056,120.000,0.490,0.042,15.000,0.061,0.029,16.000,0.065,0.048,103.000,0.420,0.059,115.000,0.469,0.041,11.000,0.045,0.023
SINALOA,18.000,0.047,0.062,114.000,0.299,0.063,194.000,0.509,0.073,55.000,0.144,0.093,7.000,0.018,0.024,77.000,0.202,0.062,202.000,0.530,0.073,95.000,0.249,0.091,36.000,0.094,0.051,114.000,0.299,0.056,177.000,0.465,0.081,54.000,0.142,0.123,4.000,0.010,0.040,32.000,0.084,0.044,214.000,0.562,0.070,131.000,0.344,0.089,27.000,0.071,0.038,126.000,0.331,0.065,187.000,0.491,0.082,41.000,0.108,0.099,7.000,0.018,0.033,68.000,0.178,0.056,213.000,0.559,0.071,93.000,0.244,0.098,8.000,0.021,0.038,107.000,0.281,0.063,217.000,0.570,0.072,49.000,0.129,0.116,20.000,0.052,0.063,86.000,0.226,0.062,207.000,0.543,0.074,68.000,0.178,0.080,19.000,0.050,0.082,77.000,0.202,0.058,199.000,0.522,0.070,86.000,0.226,0.092,24.000,0.063,0.072,94.000,0.247,0.057,223.000,0.585,0.078,40.000,0.105,0.078,24.000,0.063,0.071,116.000,0.304,0.066,200.000,0.525,0.072,41.000,0.108,0.086
SONORA,6.000,0.036,0.021,42.000,0.250,0.023,87.000,0.518,0.033,33.000,0.196,0.056,3.000,0.018,0.010,23.000,0.137,0.019,94.000,0.560,0.034,48.000,0.286,0.046,16.000,0.095,0.023,59.000,0.351,0.029,79.000,0.470,0.036,14.000,0.083,0.032,3.000,0.018,0.030,20.000,0.119,0.027,96.000,0.571,0.032,49.000,0.292,0.033,23.000,0.137,0.032,54.000,0.321,0.028,81.000,0.482,0.035,10.000,0.060,0.024,4.000,0.024,0.019,28.000,0.167,0.023,103.000,0.613,0.034,33.000,0.196,0.035,7.000,0.042,0.034,42.000,0.250,0.025,104.000,0.619,0.035,15.000,0.089,0.036,9.000,0.054,0.028,33.000,0.196,0.024,100.000,0.595,0.036,26.000,0.155,0.031,4.000,0.024,0.017,36.000,0.214,0.027,91.000,0.542,0.032,37.000,0.220,0.039,10.000,0.060,0.030,37.000,0.220,0.023,100.000,0.595,0.035,21.000,0.125,0.041,7.000,0.042,0.021,42.000,0.250,0.024,95.000,0.565,0.034,24.000,0.143,0.050
TABASCO,3.000,0.048,0.010,21.000,0.339,0.012,33.000,0.532,0.012,5.000,0.081,0.008,4.000,0.065,0.014,16.000,0.258,0.013,29.000,0.468,0.010,13.000,0.210,0.012,6.000,0.097,0.008,18.000,0.290,0.009,32.000,0.516,0.015,6.000,0.097,0.014,1.000,0.016,0.010,5.000,0.081,0.007,33.000,0.532,0.011,23.000,0.371,0.016,9.000,0.145,0.013,21.000,0.339,0.011,29.000,0.468,0.013,3.000,0.048,0.007,1.000,0.016,0.005,16.000,0.258,0.013,39.000,0.629,0.013,6.000,0.097,0.006,0.000,0.000,0.000,24.000,0.387,0.014,33.000,0.532,0.011,5.000,0.081,0.012,2.000,0.032,0.006,15.000,0.242,0.011,31.000,0.500,0.011,14.000,0.226,0.017,1.000,0.016,0.004,17.000,0.274,0.013,31.000,0.500,0.011,13.000,0.210,0.014,1.000,0.016,0.003,17.000,0.274,0.010,36.000,0.581,0.013,8.000,0.129,0.016,2.000,0.032,0.006,14.000,0.226,0.008,39.000,0.629,0.014,7.000,0.113,0.015
TAMAULIPAS,7.000,0.033,0.024,58.000,0.278,0.032,114.000,0.545,0.043,30.000,0.144,0.051,6.000,0.029,0.021,29.000,0.139,0.023,125.000,0.598,0.045,49.000,0.234,0.047,18.000,0.086,0.025,62.000,0.297,0.031,108.000,0.517,0.049,21.000,0.100,0.048,4.000,0.019,0.040,13.000,0.062,0.018,133.000,0.636,0.044,59.000,0.282,0.040,19.000,0.091,0.027,68.000,0.325,0.035,102.000,0.488,0.045,20.000,0.096,0.048,6.000,0.029,0.028,35.000,0.167,0.029,118.000,0.565,0.040,50.000,0.239,0.053,9.000,0.043,0.043,59.000,0.282,0.035,120.000,0.574,0.040,21.000,0.100,0.050,15.000,0.072,0.047,43.000,0.206,0.031,122.000,0.584,0.044,29.000,0.139,0.034,12.000,0.057,0.052,34.000,0.163,0.026,123.000,0.589,0.043,40.000,0.191,0.043,8.000,0.038,0.024,44.000,0.211,0.027,132.000,0.632,0.046,25.000,0.120,0.049,7.000,0.033,0.021,53.000,0.254,0.030,129.000,0.617,0.046,20.000,0.096,0.042
TLAXCALA,6.000,0.065,0.021,30.000,0.326,0.017,44.000,0.478,0.016,12.000,0.130,0.020,7.000,0.076,0.024,24.000,0.261,0.019,46.000,0.500,0.017,15.000,0.163,0.014,20.000,0.217,0.028,39.000,0.424,0.019,28.000,0.304,0.013,5.000,0.054,0.011,1.000,0.011,0.010,17.000,0.185,0.023,48.000,0.522,0.016,26.000,0.283,0.018,16.000,0.174,0.022,39.000,0.424,0.020,30.000,0.326,0.013,7.000,0.076,0.017,4.000,0.043,0.019,19.000,0.207,0.016,47.000,0.511,0.016,22.000,0.239,0.023,2.000,0.022,0.010,37.000,0.402,0.022,49.000,0.533,0.016,4.000,0.043,0.010,4.000,0.043,0.013,31.000,0.337,0.022,45.000,0.489,0.016,12.000,0.130,0.014,4.000,0.043,0.017,26.000,0.283,0.020,45.000,0.489,0.016,17.000,0.185,0.018,3.000,0.033,0.009,27.000,0.293,0.016,46.000,0.500,0.016,16.000,0.174,0.031,3.000,0.033,0.009,24.000,0.261,0.014,52.000,0.565,0.019,13.000,0.141,0.027
VERACRUZ,7.000,0.059,0.024,41.000,0.345,0.023,52.000,0.437,0.019,19.000,0.160,0.032,10.000,0.084,0.035,27.000,0.227,0.022,58.000,0.487,0.021,24.000,0.202,0.023,15.000,0.126,0.021,49.000,0.412,0.024,44.000,0.370,0.020,11.000,0.092,0.025,4.000,0.034,0.040,16.000,0.134,0.022,65.000,0.546,0.021,34.000,0.286,0.023,13.000,0.109,0.018,40.000,0.336,0.021,55.000,0.462,0.024,11.000,0.092,0.027,5.000,0.042,0.024,29.000,0.244,0.024,63.000,0.529,0.021,22.000,0.185,0.023,7.000,0.059,0.034,36.000,0.303,0.021,64.000,0.538,0.021,12.000,0.101,0.029,6.000,0.050,0.019,30.000,0.252,0.022,61.000,0.513,0.022,22.000,0.185,0.026,5.000,0.042,0.022,23.000,0.193,0.017,72.000,0.605,0.025,19.000,0.160,0.020,9.000,0.076,0.027,38.000,0.319,0.023,55.000,0.462,0.019,17.000,0.143,0.033,11.000,0.092,0.033,42.000,0.353,0.024,51.000,0.429,0.018,15.000,0.126,0.031
YUCATÁN,11.000,0.088,0.038,40.000,0.320,0.022,61.000,0.488,0.023,13.000,0.104,0.022,4.000,0.032,0.014,39.000,0.312,0.032,59.000,0.472,0.021,23.000,0.184,0.022,18.000,0.144,0.025,53.000,0.424,0.026,44.000,0.352,0.020,10.000,0.080,0.023,5.000,0.040,0.050,15.000,0.120,0.021,76.000,0.608,0.025,29.000,0.232,0.020,19.000,0.152,0.027,48.000,0.384,0.025,51.000,0.408,0.022,7.000,0.056,0.017,5.000,0.040,0.024,26.000,0.208,0.022,76.000,0.608,0.025,18.000,0.144,0.019,3.000,0.024,0.014,40.000,0.320,0.023,69.000,0.552,0.023,13.000,0.104,0.031,6.000,0.048,0.019,37.000,0.296,0.027,61.000,0.488,0.022,21.000,0.168,0.025,5.000,0.040,0.022,37.000,0.296,0.028,60.000,0.480,0.021,23.000,0.184,0.025,8.000,0.064,0.024,42.000,0.336,0.026,62.000,0.496,0.022,13.000,0.104,0.025,10.000,0.080,0.030,43.000,0.344,0.025,61.000,0.488,0.022,11.000,0.088,0.023
ZACATECAS,12.000,0.055,0.042,88.000,0.404,0.049,104.000,0.477,0.039,14.000,0.064,0.024,15.000,0.069,0.052,61.000,0.280,0.049,106.000,0.486,0.038,36.000,0.165,0.034,21.000,0.096,0.030,87.000,0.399,0.043,90.000,0.413,0.041,20.000,0.092,0.046,3.000,0.014,0.030,36.000,0.165,0.049,131.000,0.601,0.043,48.000,0.220,0.032,28.000,0.128,0.039,92.000,0.422,0.047,78.000,0.358,0.034,20.000,0.092,0.048,12.000,0.055,0.057,52.000,0.239,0.043,117.000,0.537,0.039,37.000,0.170,0.039,11.000,0.050,0.053,73.000,0.335,0.043,121.000,0.555,0.040,13.000,0.060,0.031,12.000,0.055,0.038,54.000,0.248,0.039,123.000,0.564,0.044,29.000,0.133,0.034,13.000,0.060,0.056,53.000,0.243,0.040,125.000,0.573,0.044,27.000,0.124,0.029,16.000,0.073,0.048,78.000,0.358,0.048,105.000,0.482,0.037,19.000,0.087,0.037,17.000,0.078,0.051,79.000,0.362,0.045,103.000,0.472,0.037,19.000,0.087,0.040
Hombre,13.000,0.057,0.045,80.000,0.348,0.045,119.000,0.517,0.045,18.000,0.078,0.030,11.000,0.048,0.038,66.000,0.287,0.053,115.000,0.500,0.041,38.000,0.165,0.036,41.000,0.178,0.058,95.000,0.413,0.047,76.000,0.330,0.035,18.000,0.078,0.041,8.000,0.035,0.079,47.000,0.204,0.064,126.000,0.548,0.041,49.000,0.213,0.033,44.000,0.191,0.062,86.000,0.374,0.044,82.000,0.357,0.036,18.000,0.078,0.044,16.000,0.070,0.075,63.000,0.274,0.052,124.000,0.539,0.042,27.000,0.117,0.029,14.000,0.061,0.067,81.000,0.352,0.047,118.000,0.513,0.039,17.000,0.074,0.040,18.000,0.078,0.056,72.000,0.313,0.052,108.000,0.470,0.039,32.000,0.139,0.038,14.000,0.061,0.060,57.000,0.248,0.043,129.000,0.561,0.045,30.000,0.130,0.032,15.000,0.065,0.045,66.000,0.287,0.040,129.000,0.561,0.045,20.000,0.087,0.039,12.000,0.052,0.036,76.000,0.330,0.044,126.000,0.548,0.045,16.000,0.070,0.033
Mujer,276.000,0.054,0.955,1716.000,0.335,0.955,2555.000,0.499,0.955,573.000,0.112,0.970,275.000,0.054,0.962,1172.000,0.229,0.947,2662.000,0.520,0.959,1011.000,0.197,0.964,666.000,0.130,0.942,1923.000,0.376,0.953,2111.000,0.412,0.965,420.000,0.082,0.959,93.000,0.018,0.921,684.000,0.134,0.936,2913.000,0.569,0.959,1430.000,0.279,0.967,669.000,0.131,0.938,1851.000,0.362,0.956,2205.000,0.431,0.964,395.000,0.077,0.956,196.000,0.038,0.925,1143.000,0.223,0.948,2863.000,0.559,0.958,918.000,0.179,0.971,194.000,0.038,0.933,1625.000,0.317,0.953,2896.000,0.566,0.961,404.000,0.079,0.960,301.000,0.059,0.944,1310.000,0.256,0.948,2694.000,0.526,0.961,814.000,0.159,0.962,218.000,0.043,0.940,1264.000,0.247,0.957,2730.000,0.533,0.955,907.000,0.177,0.968,318.000,0.062,0.955,1572.000,0.307,0.960,2739.000,0.535,0.955,490.000,0.096,0.961,324.000,0.063,0.964,1670.000,0.326,0.956,2663.000,0.520,0.955,462.000,0.090,0.967
18 a 20 años,1.000,0.030,0.003,12.000,0.364,0.007,16.000,0.485,0.006,4.000,0.121,0.007,1.000,0.030,0.003,4.000,0.121,0.003,18.000,0.545,0.006,10.000,0.303,0.010,4.000,0.121,0.006,10.000,0.303,0.005,13.000,0.394,0.006,6.000,0.182,0.014,0.000,0.000,0.000,2.000,0.061,0.003,13.000,0.394,0.004,18.000,0.545,0.012,4.000,0.121,0.006,11.000,0.333,0.006,12.000,0.364,0.005,6.000,0.182,0.015,2.000,0.061,0.009,5.000,0.152,0.004,17.000,0.515,0.006,9.000,0.273,0.010,1.000,0.030,0.005,7.000,0.212,0.004,21.000,0.636,0.007,4.000,0.121,0.010,2.000,0.061,0.006,9.000,0.273,0.007,14.000,0.424,0.005,8.000,0.242,0.009,0.000,0.000,0.000,9.000,0.273,0.007,17.000,0.515,0.006,7.000,0.212,0.007,1.000,0.030,0.003,7.000,0.212,0.004,19.000,0.576,0.007,6.000,0.182,0.012,0.000,0.000,0.000,9.000,0.273,0.005,19.000,0.576,0.007,5.000,0.152,0.010
21 a 30 años,71.000,0.061,0.246,412.000,0.354,0.229,570.000,0.490,0.213,111.000,0.095,0.188,57.000,0.049,0.199,275.000,0.236,0.222,618.000,0.531,0.223,214.000,0.184,0.204,171.000,0.147,0.242,490.000,0.421,0.243,432.000,0.371,0.198,71.000,0.061,0.162,28.000,0.024,0.277,150.000,0.129,0.205,683.000,0.587,0.225,303.000,0.260,0.205,144.000,0.124,0.202,455.000,0.391,0.235,473.000,0.406,0.207,92.000,0.079,0.223,39.000,0.034,0.184,248.000,0.213,0.206,677.000,0.582,0.227,200.000,0.172,0.212,44.000,0.038,0.212,400.000,0.344,0.234,629.000,0.541,0.209,90.000,0.077,0.214,78.000,0.067,0.245,319.000,0.274,0.231,615.000,0.529,0.219,151.000,0.130,0.178,49.000,0.042,0.211,267.000,0.230,0.202,652.000,0.561,0.228,195.000,0.168,0.208,75.000,0.064,0.225,363.000,0.312,0.222,612.000,0.526,0.213,113.000,0.097,0.222,86.000,0.074,0.256,387.000,0.333,0.222,588.000,0.506,0.211,102.000,0.088,0.213
31 a 40 años,94.000,0.050,0.325,608.000,0.324,0.339,973.000,0.519,0.364,201.000,0.107,0.340,107.000,0.057,0.374,413.000,0.220,0.334,1005.000,0.536,0.362,351.000,0.187,0.335,270.000,0.144,0.382,707.000,0.377,0.350,769.000,0.410,0.352,130.000,0.069,0.297,30.000,0.016,0.297,256.000,0.136,0.350,1069.000,0.570,0.352,521.000,0.278,0.352,277.000,0.148,0.388,673.000,0.359,0.347,799.000,0.426,0.349,127.000,0.068,0.308,76.000,0.041,0.358,414.000,0.221,0.343,1056.000,0.563,0.354,330.000,0.176,0.349,83.000,0.044,0.399,573.000,0.305,0.336,1074.000,0.572,0.356,146.000,0.078,0.347,108.000,0.058,0.339,490.000,0.261,0.355,1009.000,0.538,0.360,269.000,0.143,0.318,71.000,0.038,0.306,470.000,0.251,0.356,1010.000,0.538,0.353,325.000,0.173,0.347,107.000,0.057,0.321,570.000,0.304,0.348,1034.000,0.551,0.361,165.000,0.088,0.324,104.000,0.055,0.310,608.000,0.324,0.348,1000.000,0.533,0.359,164.000,0.087,0.343
41 a 50 años,78.000,0.049,0.270,538.000,0.340,0.300,783.000,0.495,0.293,184.000,0.116,0.311,82.000,0.052,0.287,380.000,0.240,0.307,798.000,0.504,0.287,323.000,0.204,0.308,176.000,0.111,0.249,574.000,0.363,0.284,694.000,0.438,0.317,139.000,0.088,0.317,31.000,0.020,0.307,225.000,0.142,0.308,894.000,0.565,0.294,433.000,0.274,0.293,210.000,0.133,0.295,557.000,0.352,0.288,706.000,0.446,0.309,110.000,0.069,0.266,66.000,0.042,0.311,373.000,0.236,0.309,885.000,0.559,0.296,259.000,0.164,0.274,55.000,0.035,0.264,510.000,0.322,0.299,902.000,0.570,0.299,116.000,0.073,0.276,84.000,0.053,0.263,410.000,0.259,0.297,819.000,0.517,0.292,270.000,0.171,0.319,77.000,0.049,0.332,406.000,0.256,0.307,829.000,0.524,0.290,271.000,0.171,0.289,98.000,0.062,0.294,493.000,0.311,0.301,840.000,0.531,0.293,152.000,0.096,0.298,94.000,0.059,0.280,536.000,0.339,0.307,821.000,0.519,0.294,132.000,0.083,0.276
51 a 60 años,44.000,0.066,0.152,215.000,0.322,0.120,319.000,0.478,0.119,90.000,0.135,0.152,39.000,0.058,0.136,157.000,0.235,0.127,325.000,0.487,0.117,147.000,0.220,0.140,84.000,0.126,0.119,222.000,0.332,0.110,270.000,0.404,0.123,92.000,0.138,0.210,12.000,0.018,0.119,97.000,0.145,0.133,366.000,0.548,0.120,193.000,0.289,0.130,76.000,0.114,0.107,233.000,0.349,0.120,284.000,0.425,0.124,75.000,0.112,0.182,29.000,0.043,0.137,156.000,0.234,0.129,341.000,0.510,0.114,142.000,0.213,0.150,25.000,0.037,0.120,205.000,0.307,0.120,375.000,0.561,0.124,63.000,0.094,0.150,44.000,0.066,0.138,147.000,0.220,0.106,336.000,0.503,0.120,141.000,0.211,0.167,35.000,0.052,0.151,161.000,0.241,0.122,337.000,0.504,0.118,135.000,0.202,0.144,52.000,0.078,0.156,202.000,0.302,0.123,344.000,0.515,0.120,70.000,0.105,0.137,52.000,0.078,0.155,198.000,0.296,0.113,347.000,0.519,0.124,71.000,0.106,0.149
61 a 70 años,1.000,0.038,0.003,11.000,0.423,0.006,13.000,0.500,0.005,1.000,0.038,0.002,0.000,0.000,0.000,9.000,0.346,0.007,13.000,0.500,0.005,4.000,0.154,0.004,2.000,0.077,0.003,15.000,0.577,0.007,9.000,0.346,0.004,0.000,0.000,0.000,0.000,0.000,0.000,1.000,0.038,0.001,14.000,0.538,0.005,11.000,0.423,0.007,2.000,0.077,0.003,8.000,0.308,0.004,13.000,0.500,0.006,3.000,0.115,0.007,0.000,0.000,0.000,10.000,0.385,0.008,11.000,0.423,0.004,5.000,0.192,0.005,0.000,0.000,0.000,11.000,0.423,0.006,13.000,0.500,0.004,2.000,0.077,0.005,3.000,0.115,0.009,7.000,0.269,0.005,9.000,0.346,0.003,7.000,0.269,0.008,0.000,0.000,0.000,8.000,0.308,0.006,14.000,0.538,0.005,4.000,0.154,0.004,0.000,0.000,0.000,3.000,0.115,0.002,19.000,0.731,0.007,4.000,0.154,0.008,0.000,0.000,0.000,8.000,0.308,0.005,14.000,0.538,0.005,4.000,0.154,0.008
71 a 80 años,0.000,0.000,0.000,0.000,0.000,0.000,0.000,0.000,0.000,0.000,0.000,0.000,0.000,0.000,0.000,0.000,0.000,0.000,0.000,0.000,0.000,0.000,0.000,0.000,0.000,0.000,0.000,0.000,0.000,0.000,0.000,0.000,0.000,0.000,0.000,0.000,0.000,0.000,0.000,0.000,0.000,0.000,0.000,0.000,0.000,0.000,0.000,0.000,0.000,0.000,0.000,0.000,0.000,0.000,0.000,0.000,0.000,0.000,0.000,0.000,0.000,0.000,0.000,0.000,0.000,0.000,0.000,0.000,0.000,0.000,0.000,0.000,0.000,0.000,0.000,0.000,0.000,0.000,0.000,0.000,0.000,0.000,0.000,0.000,0.000,0.000,0.000,0.000,0.000,0.000,0.000,0.000,0.000,0.000,0.000,0.000,0.000,0.000,0.000,0.000,0.000,0.000,0.000,0.000,0.000,0.000,0.000,0.000,0.000,0.000,0.000,0.000,0.000,0.000,0.000,0.000,0.000,0.000,0.000,0.000,0.000,0.000,0.000,0.000,0.000,0.000,0.000,0.000,0.000,0.000,0.000,0.000
81 a 90 años,0.000,0.000,0.000,0.000,0.000,0.000,0.000,0.000,0.000,0.000,0.000,0.000,0.000,0.000,0.000,0.000,0.000,0.000,0.000,0.000,0.000,0.000,0.000,0.000,0.000,0.000,0.000,0.000,0.000,0.000,0.000,0.000,0.000,0.000,0.000,0.000,0.000,0.000,0.000,0.000,0.000,0.000,0.000,0.000,0.000,0.000,0.000,0.000,0.000,0.000,0.000,0.000,0.000,0.000,0.000,0.000,0.000,0.000,0.000,0.000,0.000,0.000,0.000,0.000,0.000,0.000,0.000,0.000,0.000,0.000,0.000,0.000,0.000,0.000,0.000,0.000,0.000,0.000,0.000,0.000,0.000,0.000,0.000,0.000,0.000,0.000,0.000,0.000,0.000,0.000,0.000,0.000,0.000,0.000,0.000,0.000,0.000,0.000,0.000,0.000,0.000,0.000,0.000,0.000,0.000,0.000,0.000,0.000,0.000,0.000,0.000,0.000,0.000,0.000,0.000,0.000,0.000,0.000,0.000,0.000,0.000,0.000,0.000,0.000,0.000,0.000,0.000,0.000,0.000,0.000,0.000,0.000
91 a 99 años,0.000,0.000,0.000,0.000,0.000,0.000,0.000,0.000,0.000,0.000,0.000,0.000,0.000,0.000,0.000,0.000,0.000,0.000,0.000,0.000,0.000,0.000,0.000,0.000,0.000,0.000,0.000,0.000,0.000,0.000,0.000,0.000,0.000,0.000,0.000,0.000,0.000,0.000,0.000,0.000,0.000,0.000,0.000,0.000,0.000,0.000,0.000,0.000,0.000,0.000,0.000,0.000,0.000,0.000,0.000,0.000,0.000,0.000,0.000,0.000,0.000,0.000,0.000,0.000,0.000,0.000,0.000,0.000,0.000,0.000,0.000,0.000,0.000,0.000,0.000,0.000,0.000,0.000,0.000,0.000,0.000,0.000,0.000,0.000,0.000,0.000,0.000,0.000,0.000,0.000,0.000,0.000,0.000,0.000,0.000,0.000,0.000,0.000,0.000,0.000,0.000,0.000,0.000,0.000,0.000,0.000,0.000,0.000,0.000,0.000,0.000,0.000,0.000,0.000,0.000,0.000,0.000,0.000,0.000,0.000,0.000,0.000,0.000,0.000,0.000,0.000,0.000,0.000,0.000,0.000,0.000,0.000
"Preparatoria, bachillerato o carrera técnica",1.000,0.022,0.003,22.000,0.489,0.012,17.000,0.378,0.006,5.000,0.111,0.008,0.000,0.000,0.000,16.000,0.356,0.013,21.000,0.467,0.008,8.000,0.178,0.008,7.000,0.156,0.010,18.000,0.400,0.009,17.000,0.378,0.008,3.000,0.067,0.007,0.000,0.000,0.000,12.000,0.267,0.016,25.000,0.556,0.008,8.000,0.178,0.005,4.000,0.089,0.006,26.000,0.578,0.013,12.000,0.267,0.005,3.000,0.067,0.007,1.000,0.022,0.005,16.000,0.356,0.013,20.000,0.444,0.007,8.000,0.178,0.008,2.000,0.044,0.010,18.000,0.400,0.011,21.000,0.467,0.007,4.000,0.089,0.010,2.000,0.044,0.006,18.000,0.400,0.013,18.000,0.400,0.006,7.000,0.156,0.008,6.000,0.133,0.026,12.000,0.267,0.009,22.000,0.489,0.008,5.000,0.111,0.005,4.000,0.089,0.012,20.000,0.444,0.012,16.000,0.356,0.006,5.000,0.111,0.010,3.000,0.067,0.009,20.000,0.444,0.011,20.000,0.444,0.007,2.000,0.044,0.004
Normal básica sin licenciatura,13.000,0.094,0.045,46.000,0.331,0.026,63.000,0.453,0.024,17.000,0.122,0.029,4.000,0.029,0.014,36.000,0.259,0.029,66.000,0.475,0.024,33.000,0.237,0.031,20.000,0.144,0.028,48.000,0.345,0.024,56.000,0.403,0.026,15.000,0.108,0.034,2.000,0.014,0.020,26.000,0.187,0.036,72.000,0.518,0.024,39.000,0.281,0.026,16.000,0.115,0.022,43.000,0.309,0.022,66.000,0.475,0.029,14.000,0.101,0.034,4.000,0.029,0.019,46.000,0.331,0.038,61.000,0.439,0.020,28.000,0.201,0.030,5.000,0.036,0.024,42.000,0.302,0.025,81.000,0.583,0.027,11.000,0.079,0.026,10.000,0.072,0.031,37.000,0.266,0.027,66.000,0.475,0.024,26.000,0.187,0.031,7.000,0.050,0.030,39.000,0.281,0.030,70.000,0.504,0.024,23.000,0.165,0.025,10.000,0.072,0.030,44.000,0.317,0.027,70.000,0.504,0.024,15.000,0.108,0.029,9.000,0.065,0.027,50.000,0.360,0.029,66.000,0.475,0.024,14.000,0.101,0.029
Normal superior,8.000,0.108,0.028,22.000,0.297,0.012,39.000,0.527,0.015,5.000,0.068,0.008,5.000,0.068,0.017,15.000,0.203,0.012,41.000,0.554,0.015,13.000,0.176,0.012,7.000,0.095,0.010,25.000,0.338,0.012,36.000,0.486,0.016,6.000,0.081,0.014,3.000,0.041,0.030,9.000,0.122,0.012,38.000,0.514,0.013,24.000,0.324,0.016,12.000,0.162,0.017,27.000,0.365,0.014,32.000,0.432,0.014,3.000,0.041,0.007,6.000,0.081,0.028,11.000,0.149,0.009,40.000,0.541,0.013,17.000,0.230,0.018,4.000,0.054,0.019,21.000,0.284,0.012,41.000,0.554,0.014,8.000,0.108,0.019,7.000,0.095,0.022,11.000,0.149,0.008,41.000,0.554,0.015,15.000,0.203,0.018,5.000,0.068,0.022,13.000,0.176,0.010,44.000,0.595,0.015,12.000,0.162,0.013,5.000,0.068,0.015,21.000,0.284,0.013,39.000,0.527,0.014,9.000,0.122,0.018,5.000,0.068,0.015,22.000,0.297,0.013,37.000,0.500,0.013,10.000,0.135,0.021
Normal Intercultural Bilingüe,0.000,0.000,0.000,1.000,0.200,0.001,2.000,0.400,0.001,2.000,0.400,0.003,0.000,0.000,0.000,0.000,0.000,0.000,3.000,0.600,0.001,2.000,0.400,0.002,0.000,0.000,0.000,0.000,0.000,0.000,3.000,0.600,0.001,2.000,0.400,0.005,0.000,0.000,0.000,0.000,0.000,0.000,3.000,0.600,0.001,2.000,0.400,0.001,0.000,0.000,0.000,2.000,0.400,0.001,2.000,0.400,0.001,1.000,0.200,0.002,0.000,0.000,0.000,2.000,0.400,0.002,1.000,0.200,0.000,2.000,0.400,0.002,0.000,0.000,0.000,1.000,0.200,0.001,2.000,0.400,0.001,2.000,0.400,0.005,0.000,0.000,0.000,1.000,0.200,0.001,2.000,0.400,0.001,2.000,0.400,0.002,0.000,0.000,0.000,0.000,0.000,0.000,3.000,0.600,0.001,2.000,0.400,0.002,0.000,0.000,0.000,0.000,0.000,0.000,4.000,0.800,0.001,1.000,0.200,0.002,0.000,0.000,0.000,0.000,0.000,0.000,4.000,0.800,0.001,1.000,0.200,0.002
Licenciatura,214.000,0.051,0.740,1406.000,0.335,0.783,2109.000,0.502,0.789,470.000,0.112,0.795,201.000,0.048,0.703,945.000,0.225,0.763,2214.000,0.527,0.797,839.000,0.200,0.800,529.000,0.126,0.748,1592.000,0.379,0.789,1728.000,0.412,0.790,350.000,0.083,0.799,72.000,0.017,0.713,555.000,0.132,0.759,2427.000,0.578,0.799,1145.000,0.273,0.774,550.000,0.131,0.771,1490.000,0.355,0.769,1819.000,0.433,0.795,340.000,0.081,0.823,154.000,0.037,0.726,910.000,0.217,0.755,2391.000,0.569,0.800,744.000,0.177,0.787,154.000,0.037,0.740,1343.000,0.320,0.787,2381.000,0.567,0.790,321.000,0.076,0.762,243.000,0.058,0.762,1056.000,0.251,0.764,2234.000,0.532,0.797,666.000,0.159,0.787,169.000,0.040,0.728,1024.000,0.244,0.775,2274.000,0.542,0.795,732.000,0.174,0.781,254.000,0.060,0.763,1278.000,0.304,0.780,2276.000,0.542,0.794,391.000,0.093,0.767,256.000,0.061,0.762,1378.000,0.328,0.789,2195.000,0.523,0.787,370.000,0.088,0.774
Especialidad,1.000,0.045,0.003,7.000,0.318,0.004,11.000,0.500,0.004,3.000,0.136,0.005,1.000,0.045,0.003,5.000,0.227,0.004,13.000,0.591,0.005,3.000,0.136,0.003,4.000,0.182,0.006,10.000,0.455,0.005,6.000,0.273,0.003,2.000,0.091,0.005,1.000,0.045,0.010,4.000,0.182,0.005,12.000,0.545,0.004,5.000,0.227,0.003,3.000,0.136,0.004,12.000,0.545,0.006,7.000,0.318,0.003,0.000,0.000,0.000,1.000,0.045,0.005,7.000,0.318,0.006,13.000,0.591,0.004,1.000,0.045,0.001,1.000,0.045,0.005,9.000,0.409,0.005,11.000,0.500,0.004,1.000,0.045,0.002,1.000,0.045,0.003,7.000,0.318,0.005,12.000,0.545,0.004,2.000,0.091,0.002,1.000,0.045,0.004,5.000,0.227,0.004,11.000,0.500,0.004,5.000,0.227,0.005,2.000,0.091,0.006,8.000,0.364,0.005,11.000,0.500,0.004,1.000,0.045,0.002,1.000,0.045,0.003,7.000,0.318,0.004,14.000,0.636,0.005,0.000,0.000,0.000
Maestría,48.000,0.059,0.166,273.000,0.338,0.152,403.000,0.499,0.151,83.000,0.103,0.140,70.000,0.087,0.245,208.000,0.258,0.168,390.000,0.483,0.140,139.000,0.172,0.133,130.000,0.161,0.184,307.000,0.380,0.152,317.000,0.393,0.145,53.000,0.066,0.121,21.000,0.026,0.208,115.000,0.143,0.157,434.000,0.538,0.143,237.000,0.294,0.160,114.000,0.141,0.160,321.000,0.398,0.166,324.000,0.401,0.142,48.000,0.059,0.116,40.000,0.050,0.189,201.000,0.249,0.167,431.000,0.534,0.144,135.000,0.167,0.143,39.000,0.048,0.188,255.000,0.316,0.149,445.000,0.552,0.148,67.000,0.083,0.159,51.000,0.063,0.160,233.000,0.289,0.169,403.000,0.500,0.144,119.000,0.148,0.141,40.000,0.050,0.172,218.000,0.270,0.165,405.000,0.502,0.142,143.000,0.177,0.153,52.000,0.065,0.156,251.000,0.311,0.153,418.000,0.519,0.146,85.000,0.105,0.167,58.000,0.072,0.173,249.000,0.309,0.143,421.000,0.522,0.151,78.000,0.097,0.163
Doctorado,4.000,0.069,0.014,18.000,0.310,0.010,30.000,0.517,0.011,6.000,0.103,0.010,5.000,0.086,0.017,13.000,0.224,0.011,28.000,0.483,0.010,12.000,0.207,0.011,10.000,0.172,0.014,17.000,0.293,0.008,24.000,0.414,0.011,7.000,0.121,0.016,2.000,0.034,0.020,9.000,0.155,0.012,28.000,0.483,0.009,19.000,0.328,0.013,13.000,0.224,0.018,16.000,0.276,0.008,25.000,0.431,0.011,4.000,0.069,0.010,6.000,0.103,0.028,12.000,0.207,0.010,30.000,0.517,0.010,10.000,0.172,0.011,3.000,0.052,0.014,17.000,0.293,0.010,31.000,0.534,0.010,7.000,0.121,0.017,5.000,0.086,0.016,18.000,0.310,0.013,26.000,0.448,0.009,9.000,0.155,0.011,4.000,0.069,0.017,9.000,0.155,0.007,30.000,0.517,0.010,15.000,0.259,0.016,6.000,0.103,0.018,15.000,0.259,0.009,34.000,0.586,0.012,3.000,0.052,0.006,4.000,0.069,0.012,19.000,0.328,0.011,32.000,0.552,0.011,3.000,0.052,0.006
Posdoctorado,0.000,0.000,0.000,1.000,1.000,0.001,0.000,0.000,0.000,0.000,0.000,0.000,0.000,0.000,0.000,0.000,0.000,0.000,1.000,1.000,0.000,0.000,0.000,0.000,0.000,0.000,0.000,1.000,1.000,0.000,0.000,0.000,0.000,0.000,0.000,0.000,0.000,0.000,0.000,1.000,1.000,0.001,0.000,0.000,0.000,0.000,0.000,0.000,1.000,1.000,0.001,0.000,0.000,0.000,0.000,0.000,0.000,0.000,0.000,0.000,0.000,0.000,0.000,1.000,1.000,0.001,0.000,0.000,0.000,0.000,0.000,0.000,0.000,0.000,0.000,0.000,0.000,0.000,1.000,1.000,0.000,0.000,0.000,0.000,0.000,0.000,0.000,1.000,1.000,0.001,0.000,0.000,0.000,0.000,0.000,0.000,0.000,0.000,0.000,1.000,1.000,0.001,0.000,0.000,0.000,0.000,0.000,0.000,0.000,0.000,0.000,1.000,1.000,0.001,0.000,0.000,0.000,0.000,0.000,0.000,0.000,0.000,0.000,1.000,1.000,0.001,0.000,0.000,0.000,0.000,0.000,0.000
Menor o igual a 10,105.000,0.056,0.363,630.000,0.338,0.351,954.000,0.511,0.357,177.000,0.095,0.299,102.000,0.055,0.357,433.000,0.232,0.350,982.000,0.526,0.354,349.000,0.187,0.333,280.000,0.150,0.396,773.000,0.414,0.383,691.000,0.370,0.316,122.000,0.065,0.279,38.000,0.020,0.376,248.000,0.133,0.339,1100.000,0.589,0.362,480.000,0.257,0.325,248.000,0.133,0.348,735.000,0.394,0.379,738.000,0.395,0.323,145.000,0.078,0.351,67.000,0.036,0.316,396.000,0.212,0.328,1064.000,0.570,0.356,339.000,0.182,0.359,76.000,0.041,0.365,616.000,0.330,0.361,1017.000,0.545,0.337,156.000,0.084,0.371,119.000,0.064,0.373,499.000,0.268,0.361,995.000,0.534,0.355,252.000,0.135,0.298,74.000,0.040,0.319,434.000,0.233,0.329,1040.000,0.558,0.364,317.000,0.170,0.338,104.000,0.056,0.312,584.000,0.313,0.357,999.000,0.536,0.348,178.000,0.095,0.349,125.000,0.067,0.372,603.000,0.323,0.345,969.000,0.520,0.347,168.000,0.090,0.351
11 a 20,98.000,0.050,0.339,634.000,0.324,0.353,1000.000,0.511,0.374,226.000,0.115,0.382,101.000,0.052,0.353,418.000,0.213,0.338,1063.000,0.543,0.383,376.000,0.192,0.358,250.000,0.128,0.354,694.000,0.354,0.344,856.000,0.437,0.391,158.000,0.081,0.361,37.000,0.019,0.366,234.000,0.120,0.320,1112.000,0.568,0.366,575.000,0.294,0.389,255.000,0.130,0.358,690.000,0.352,0.356,876.000,0.447,0.383,137.000,0.070,0.332,70.000,0.036,0.330,436.000,0.223,0.362,1128.000,0.576,0.378,324.000,0.165,0.343,77.000,0.039,0.370,596.000,0.304,0.349,1133.000,0.579,0.376,152.000,0.078,0.361,110.000,0.056,0.345,499.000,0.255,0.361,1029.000,0.526,0.367,320.000,0.163,0.378,77.000,0.039,0.332,495.000,0.253,0.375,1021.000,0.521,0.357,365.000,0.186,0.390,117.000,0.060,0.351,580.000,0.296,0.354,1074.000,0.549,0.374,187.000,0.096,0.367,106.000,0.054,0.315,637.000,0.325,0.365,1044.000,0.533,0.374,171.000,0.087,0.358
21 a 30,86.000,0.056,0.298,532.000,0.349,0.296,720.000,0.472,0.269,188.000,0.123,0.318,83.000,0.054,0.290,387.000,0.254,0.313,732.000,0.480,0.264,324.000,0.212,0.309,177.000,0.116,0.250,551.000,0.361,0.273,640.000,0.419,0.293,158.000,0.104,0.361,26.000,0.017,0.257,249.000,0.163,0.341,827.000,0.542,0.272,424.000,0.278,0.287,210.000,0.138,0.295,512.000,0.336,0.264,673.000,0.441,0.294,131.000,0.086,0.317,75.000,0.049,0.354,374.000,0.245,0.310,795.000,0.521,0.266,282.000,0.185,0.298,55.000,0.036,0.264,494.000,0.324,0.290,864.000,0.566,0.287,113.000,0.074,0.268,90.000,0.059,0.282,384.000,0.252,0.278,778.000,0.510,0.278,274.000,0.180,0.324,81.000,0.053,0.349,392.000,0.257,0.297,798.000,0.523,0.279,255.000,0.167,0.272,112.000,0.073,0.336,474.000,0.311,0.289,795.000,0.521,0.277,145.000,0.095,0.284,105.000,0.069,0.313,506.000,0.332,0.290,776.000,0.509,0.278,139.000,0.091,0.291
31 a 40,0.000,0.000,0.000,0.000,0.000,0.000,0.000,0.000,0.000,0.000,0.000,0.000,0.000,0.000,0.000,0.000,0.000,0.000,0.000,0.000,0.000,0.000,0.000,0.000,0.000,0.000,0.000,0.000,0.000,0.000,0.000,0.000,0.000,0.000,0.000,0.000,0.000,0.000,0.000,0.000,0.000,0.000,0.000,0.000,0.000,0.000,0.000,0.000,0.000,0.000,0.000,0.000,0.000,0.000,0.000,0.000,0.000,0.000,0.000,0.000,0.000,0.000,0.000,0.000,0.000,0.000,0.000,0.000,0.000,0.000,0.000,0.000,0.000,0.000,0.000,0.000,0.000,0.000,0.000,0.000,0.000,0.000,0.000,0.000,0.000,0.000,0.000,0.000,0.000,0.000,0.000,0.000,0.000,0.000,0.000,0.000,0.000,0.000,0.000,0.000,0.000,0.000,0.000,0.000,0.000,0.000,0.000,0.000,0.000,0.000,0.000,0.000,0.000,0.000,0.000,0.000,0.000,0.000,0.000,0.000,0.000,0.000,0.000,0.000,0.000,0.000,0.000,0.000,0.000,0.000,0.000,0.000
41 a 50,0.000,0.000,0.000,0.000,0.000,0.000,0.000,0.000,0.000,0.000,0.000,0.000,0.000,0.000,0.000,0.000,0.000,0.000,0.000,0.000,0.000,0.000,0.000,0.000,0.000,0.000,0.000,0.000,0.000,0.000,0.000,0.000,0.000,0.000,0.000,0.000,0.000,0.000,0.000,0.000,0.000,0.000,0.000,0.000,0.000,0.000,0.000,0.000,0.000,0.000,0.000,0.000,0.000,0.000,0.000,0.000,0.000,0.000,0.000,0.000,0.000,0.000,0.000,0.000,0.000,0.000,0.000,0.000,0.000,0.000,0.000,0.000,0.000,0.000,0.000,0.000,0.000,0.000,0.000,0.000,0.000,0.000,0.000,0.000,0.000,0.000,0.000,0.000,0.000,0.000,0.000,0.000,0.000,0.000,0.000,0.000,0.000,0.000,0.000,0.000,0.000,0.000,0.000,0.000,0.000,0.000,0.000,0.000,0.000,0.000,0.000,0.000,0.000,0.000,0.000,0.000,0.000,0.000,0.000,0.000,0.000,0.000,0.000,0.000,0.000,0.000,0.000,0.000,0.000,0.000,0.000,0.000
Mayor o igual a 51,0.000,0.000,0.000,0.000,0.000,0.000,0.000,0.000,0.000,0.000,0.000,0.000,0.000,0.000,0.000,0.000,0.000,0.000,0.000,0.000,0.000,0.000,0.000,0.000,0.000,0.000,0.000,0.000,0.000,0.000,0.000,0.000,0.000,0.000,0.000,0.000,0.000,0.000,0.000,0.000,0.000,0.000,0.000,0.000,0.000,0.000,0.000,0.000,0.000,0.000,0.000,0.000,0.000,0.000,0.000,0.000,0.000,0.000,0.000,0.000,0.000,0.000,0.000,0.000,0.000,0.000,0.000,0.000,0.000,0.000,0.000,0.000,0.000,0.000,0.000,0.000,0.000,0.000,0.000,0.000,0.000,0.000,0.000,0.000,0.000,0.000,0.000,0.000,0.000,0.000,0.000,0.000,0.000,0.000,0.000,0.000,0.000,0.000,0.000,0.000,0.000,0.000,0.000,0.000,0.000,0.000,0.000,0.000,0.000,0.000,0.000,0.000,0.000,0.000,0.000,0.000,0.000,0.000,0.000,0.000,0.000,0.000,0.000,0.000,0.000,0.000,0.000,0.000,0.000,0.000,0.000,0.000
Definitivo o base,274.000,0.055,0.948,1685.000,0.339,0.938,2469.000,0.496,0.923,545.000,0.110,0.922,267.000,0.054,0.934,1167.000,0.235,0.943,2572.000,0.517,0.926,967.000,0.194,0.922,667.000,0.134,0.943,1877.000,0.377,0.930,2027.000,0.408,0.927,402.000,0.081,0.918,89.000,0.018,0.881,685.000,0.138,0.937,2832.000,0.569,0.932,1367.000,0.275,0.924,685.000,0.138,0.961,1811.000,0.364,0.935,2109.000,0.424,0.922,368.000,0.074,0.891,201.000,0.040,0.948,1153.000,0.232,0.956,2756.000,0.554,0.923,863.000,0.174,0.913,198.000,0.040,0.952,1611.000,0.324,0.944,2780.000,0.559,0.922,383.000,0.077,0.910,304.000,0.061,0.953,1284.000,0.258,0.929,2595.000,0.522,0.926,789.000,0.159,0.933,215.000,0.043,0.927,1240.000,0.249,0.939,2655.000,0.534,0.929,862.000,0.173,0.920,316.000,0.064,0.949,1534.000,0.309,0.937,2662.000,0.535,0.928,460.000,0.093,0.902,322.000,0.065,0.958,1640.000,0.330,0.939,2578.000,0.519,0.924,432.000,0.087,0.904
Interino,9.000,0.057,0.031,50.000,0.316,0.028,85.000,0.538,0.032,14.000,0.089,0.024,8.000,0.051,0.028,34.000,0.215,0.027,85.000,0.538,0.031,31.000,0.196,0.030,13.000,0.082,0.018,64.000,0.405,0.032,69.000,0.437,0.032,12.000,0.076,0.027,8.000,0.051,0.079,17.000,0.108,0.023,83.000,0.525,0.027,50.000,0.316,0.034,9.000,0.057,0.013,49.000,0.310,0.025,82.000,0.519,0.036,18.000,0.114,0.044,7.000,0.044,0.033,24.000,0.152,0.020,91.000,0.576,0.030,36.000,0.228,0.038,7.000,0.044,0.034,41.000,0.259,0.024,98.000,0.620,0.033,12.000,0.076,0.029,10.000,0.063,0.031,39.000,0.247,0.028,89.000,0.563,0.032,20.000,0.127,0.024,8.000,0.051,0.034,31.000,0.196,0.023,89.000,0.563,0.031,30.000,0.190,0.032,7.000,0.044,0.021,36.000,0.228,0.022,91.000,0.576,0.032,24.000,0.152,0.047,6.000,0.038,0.018,39.000,0.247,0.022,92.000,0.582,0.033,21.000,0.133,0.044
Tiempo fijo,2.000,0.021,0.007,31.000,0.326,0.017,52.000,0.547,0.019,10.000,0.105,0.017,2.000,0.021,0.007,17.000,0.179,0.014,58.000,0.611,0.021,18.000,0.189,0.017,11.000,0.116,0.016,27.000,0.284,0.013,48.000,0.505,0.022,9.000,0.095,0.021,0.000,0.000,0.000,18.000,0.189,0.025,53.000,0.558,0.017,24.000,0.253,0.016,7.000,0.074,0.010,29.000,0.305,0.015,47.000,0.495,0.021,12.000,0.126,0.029,1.000,0.011,0.005,9.000,0.095,0.007,66.000,0.695,0.022,19.000,0.200,0.020,0.000,0.000,0.000,22.000,0.232,0.013,59.000,0.621,0.020,14.000,0.147,0.033,1.000,0.011,0.003,26.000,0.274,0.019,56.000,0.589,0.020,12.000,0.126,0.014,3.000,0.032,0.013,25.000,0.263,0.019,46.000,0.484,0.016,21.000,0.221,0.022,5.000,0.053,0.015,30.000,0.316,0.018,54.000,0.568,0.019,6.000,0.063,0.012,2.000,0.021,0.006,30.000,0.316,0.017,58.000,0.611,0.021,5.000,0.053,0.010
No tengo nombramiento,4.000,0.125,0.014,10.000,0.313,0.006,13.000,0.406,0.005,5.000,0.156,0.008,4.000,0.125,0.014,4.000,0.125,0.003,16.000,0.500,0.006,8.000,0.250,0.008,10.000,0.313,0.014,10.000,0.313,0.005,12.000,0.375,0.005,0.000,0.000,0.000,3.000,0.094,0.030,3.000,0.094,0.004,18.000,0.563,0.006,8.000,0.250,0.005,4.000,0.125,0.006,12.000,0.375,0.006,12.000,0.375,0.005,4.000,0.125,0.010,1.000,0.031,0.005,6.000,0.188,0.005,21.000,0.656,0.007,4.000,0.125,0.004,2.000,0.063,0.010,9.000,0.281,0.005,18.000,0.563,0.006,3.000,0.094,0.007,1.000,0.031,0.003,10.000,0.313,0.007,20.000,0.625,0.007,1.000,0.031,0.001,3.000,0.094,0.013,6.000,0.188,0.005,18.000,0.563,0.006,5.000,0.156,0.005,2.000,0.063,0.006,10.000,0.313,0.006,16.000,0.500,0.006,4.000,0.125,0.008,3.000,0.094,0.009,9.000,0.281,0.005,18.000,0.563,0.006,2.000,0.063,0.004
Otro,0.000,0.000,0.000,20.000,0.217,0.011,55.000,0.598,0.021,17.000,0.185,0.029,5.000,0.054,0.017,16.000,0.174,0.013,46.000,0.500,0.017,25.000,0.272,0.024,6.000,0.065,0.008,40.000,0.435,0.020,31.000,0.337,0.014,15.000,0.163,0.034,1.000,0.011,0.010,8.000,0.087,0.011,53.000,0.576,0.017,30.000,0.326,0.020,8.000,0.087,0.011,36.000,0.391,0.019,37.000,0.402,0.016,11.000,0.120,0.027,2.000,0.022,0.009,14.000,0.152,0.012,53.000,0.576,0.018,23.000,0.250,0.024,1.000,0.011,0.005,23.000,0.250,0.013,59.000,0.641,0.020,9.000,0.098,0.021,3.000,0.033,0.009,23.000,0.250,0.017,42.000,0.457,0.015,24.000,0.261,0.028,3.000,0.033,0.013,19.000,0.207,0.014,51.000,0.554,0.018,19.000,0.207,0.020,3.000,0.033,0.009,28.000,0.304,0.017,45.000,0.489,0.016,16.000,0.174,0.031,3.000,0.033,0.009,28.000,0.304,0.016,43.000,0.467,0.015,18.000,0.196,0.038
GENERAL PÚBLICA,282.000,0.056,0.976,1681.000,0.334,0.936,2504.000,0.498,0.936,565.000,0.112,0.956,278.000,0.055,0.972,1148.000,0.228,0.927,2606.000,0.518,0.938,1000.000,0.199,0.953,681.000,0.135,0.963,1904.000,0.378,0.944,2042.000,0.406,0.934,405.000,0.080,0.925,97.000,0.019,0.960,672.000,0.134,0.919,2850.000,0.566,0.938,1413.000,0.281,0.955,690.000,0.137,0.968,1816.000,0.361,0.938,2131.000,0.423,0.932,395.000,0.078,0.956,204.000,0.041,0.962,1143.000,0.227,0.948,2795.000,0.555,0.936,890.000,0.177,0.942,202.000,0.040,0.971,1609.000,0.320,0.943,2823.000,0.561,0.937,397.000,0.079,0.943,309.000,0.061,0.969,1304.000,0.259,0.944,2633.000,0.523,0.940,785.000,0.156,0.928,223.000,0.044,0.961,1245.000,0.247,0.942,2676.000,0.532,0.936,887.000,0.176,0.947,324.000,0.064,0.973,1549.000,0.308,0.946,2683.000,0.533,0.935,475.000,0.094,0.931,329.000,0.065,0.979,1643.000,0.327,0.941,2608.000,0.518,0.935,451.000,0.090,0.944
INDÍGENAS,7.000,0.022,0.024,115.000,0.362,0.064,170.000,0.535,0.064,26.000,0.082,0.044,8.000,0.025,0.028,90.000,0.283,0.073,171.000,0.538,0.062,49.000,0.154,0.047,26.000,0.082,0.037,114.000,0.358,0.056,145.000,0.456,0.066,33.000,0.104,0.075,4.000,0.013,0.040,59.000,0.186,0.081,189.000,0.594,0.062,66.000,0.208,0.045,23.000,0.072,0.032,121.000,0.381,0.062,156.000,0.491,0.068,18.000,0.057,0.044,8.000,0.025,0.038,63.000,0.198,0.052,192.000,0.604,0.064,55.000,0.173,0.058,6.000,0.019,0.029,97.000,0.305,0.057,191.000,0.601,0.063,24.000,0.075,0.057,10.000,0.031,0.031,78.000,0.245,0.056,169.000,0.531,0.060,61.000,0.192,0.072,9.000,0.028,0.039,76.000,0.239,0.058,183.000,0.575,0.064,50.000,0.157,0.053,9.000,0.028,0.027,89.000,0.280,0.054,185.000,0.582,0.065,35.000,0.110,0.069,7.000,0.022,0.021,103.000,0.324,0.059,181.000,0.569,0.065,27.000,0.085,0.056
Total,289.000,0.054,1.000,1796.000,0.336,1.000,2674.000,0.500,1.000,591.000,0.110,1.000,286.000,0.053,1.000,1238.000,0.231,1.000,2777.000,0.519,1.000,1049.000,0.196,1.000,707.000,0.132,1.000,2018.000,0.377,1.000,2187.000,0.409,1.000,438.000,0.082,1.000,101.000,0.019,1.000,731.000,0.137,1.000,3039.000,0.568,1.000,1479.000,0.276,1.000,713.000,0.133,1.000,1937.000,0.362,1.000,2287.000,0.427,1.000,413.000,0.077,1.000,212.000,0.040,1.000,1206.000,0.225,1.000,2987.000,0.558,1.000,945.000,0.177,1.000,208.000,0.039,1.000,1706.000,0.319,1.000,3014.000,0.563,1.000,421.000,0.079,1.000,319.000,0.060,1.000,1382.000,0.258,1.000,2802.000,0.524,1.000,846.000,0.158,1.000,232.000,0.043,1.000,1321.000,0.247,1.000,2859.000,0.534,1.000,937.000,0.175,1.000,333.000,0.062,1.000,1638.000,0.306,1.000,2868.000,0.536,1.000,510.000,0.095,1.000,336.000,0.063,1.000,1746.000,0.326,1.000,2789.000,0.521,1.000,478.000,0.089,1.000
