Entidad,B2-A-Totalmente de acuerdo-Recuento,B2-A-Totalmente de acuerdo-% del N de fila,B2-A-Totalmente de acuerdo-% de N columnas,B2-A-De acuerdo-Recuento,B2-A-De acuerdo-% del N de fila,B2-A-De acuerdo-% de N columnas,B2-A-En desacuerdo-Recuento,B2-A-En desacuerdo-% del N de fila,B2-A-En desacuerdo-% de N columnas,B2-A-Totalmente en desacuerdo-Recuento,B2-A-Totalmente en desacuerdo-% del N de fila,B2-A-Totalmente en desacuerdo-% de N columnas,B2-B-Totalmente de acuerdo-Recuento,B2-B-Totalmente de acuerdo-% del N de fila,B2-B-Totalmente de acuerdo-% de N columnas,B2-B-De acuerdo-Recuento,B2-B-De acuerdo-% del N de fila,B2-B-De acuerdo-% de N columnas,B2-B-En desacuerdo-Recuento,B2-B-En desacuerdo-% del N de fila,B2-B-En desacuerdo-% de N columnas,B2-B-Totalmente en desacuerdo-Recuento,B2-B-Totalmente en desacuerdo-% del N de fila,B2-B-Totalmente en desacuerdo-% de N columnas,B2-C-Totalmente de acuerdo-Recuento,B2-C-Totalmente de acuerdo-% del N de fila,B2-C-Totalmente de acuerdo-% de N columnas,B2-C-De acuerdo-Recuento,B2-C-De acuerdo-% del N de fila,B2-C-De acuerdo-% de N columnas,B2-C-En desacuerdo-Recuento,B2-C-En desacuerdo-% del N de fila,B2-C-En desacuerdo-% de N columnas,B2-C-Totalmente en desacuerdo-Recuento,B2-C-Totalmente en desacuerdo-% del N de fila,B2-C-Totalmente en desacuerdo-% de N columnas,B2-D-Totalmente de acuerdo-Recuento,B2-D-Totalmente de acuerdo-% del N de fila,B2-D-Totalmente de acuerdo-% de N columnas,B2-D-De acuerdo-Recuento,B2-D-De acuerdo-% del N de fila,B2-D-De acuerdo-% de N columnas,B2-D-En desacuerdo-Recuento,B2-D-En desacuerdo-% del N de fila,B2-D-En desacuerdo-% de N columnas,B2-D-Totalmente en desacuerdo-Recuento,B2-D-Totalmente en desacuerdo-% del N de fila,B2-D-Totalmente en desacuerdo-% de N columnas,B2-E-Totalmente de acuerdo-Recuento,B2-E-Totalmente de acuerdo-% del N de fila,B2-E-Totalmente de acuerdo-% de N columnas,B2-E-Totalmente de acuerdo-Recuento,B2-E-Totalmente de acuerdo-% del N de fila,B2-E-Totalmente de acuerdo-% de N columnas,B2-E-En desacuerdo-Recuento,B2-E-En desacuerdo-% del N de fila,B2-E-En desacuerdo-% de N columnas,B2-E-Totalmente en desacuerdo-Recuento,B2-E-Totalmente en desacuerdo-% del N de fila,B2-E-Totalmente en desacuerdo-% de N columnas,B2-F-Totalmente de acuerdo-Recuento,B2-F-Totalmente de acuerdo-% del N de fila,B2-F-Totalmente de acuerdo-% de N columnas,B2-F-De acuerdo-Recuento,B2-F-De acuerdo-% del N de fila,B2-F-De acuerdo-% de N columnas,B2-F-En desacuerdo-Recuento,B2-F-En desacuerdo-% del N de fila,B2-F-En desacuerdo-% de N columnas,B2-F-Totalmente en desacuerdo-Recuento,B2-F-Totalmente en desacuerdo-% del N de fila,B2-F-Totalmente en desacuerdo-% de N columnas,B2-G-Totalmente de acuerdo-Recuento,B2-G-Totalmente de acuerdo-% del N de fila,B2-G-Totalmente de acuerdo-% de N columnas,B2-G-De acuerdo-Recuento,B2-G-De acuerdo-% del N de fila,B2-G-De acuerdo-% de N columnas,B2-G-En desacuerdo-Recuento,B2-G-En desacuerdo-% del N de fila,B2-G-En desacuerdo-% de N columnas,B2-G-Totalmente en desacuerdo-Recuento,B2-G-Totalmente en desacuerdo-% del N de fila,B2-G-Totalmente en desacuerdo-% de N columnas,B2-H-Totalmente de acuerdo-Recuento,B2-H-Totalmente de acuerdo-% del N de fila,B2-H-Totalmente de acuerdo-% de N columnas,B2-H-De acuerdo-Recuento,B2-H-De acuerdo-% del N de fila,B2-H-De acuerdo-% de N columnas,B2-H-En desacuerdo-Recuento,B2-H-En desacuerdo-% del N de fila,B2-H-En desacuerdo-% de N columnas,B2-H-Totalmente en desacuerdo-Recuento,B2-H-Totalmente en desacuerdo-% del N de fila,B2-H-Totalmente en desacuerdo-% de N columnas,B2-I-Totalmente de acuerdo-Recuento,B2-I-Totalmente de acuerdo-% del N de fila,B2-I-Totalmente de acuerdo-% de N columnas,B2-I-De acuerdo-Recuento,B2-I-De acuerdo-% del N de fila,B2-I-De acuerdo-% de N columnas,B2-I-En desacuerdo-Recuento,B2-I-En desacuerdo-% del N de fila,B2-I-En desacuerdo-% de N columnas,B2-I-Totalmente en desacuerdo-Recuento,B2-I-Totalmente en desacuerdo-% del N de fila,B2-I-Totalmente en desacuerdo-% de N columnas
AGUASCALIENTES,790.00,0.54,0.05,637.00,0.44,0.05,23.00,0.02,0.05,6.00,0.00,0.09,788.00,0.54,0.05,632.00,0.43,0.05,30.00,0.02,0.05,6.00,0.00,0.09,753.00,0.52,0.05,678.00,0.47,0.05,23.00,0.02,0.06,2.00,0.00,0.04,674.00,0.46,0.05,714.00,0.49,0.05,62.00,0.04,0.05,6.00,0.00,0.07,765.00,0.53,0.05,668.00,0.46,0.05,19.00,0.01,0.03,4.00,0.00,0.06,616.00,0.42,0.05,794.00,0.55,0.05,39.00,0.03,0.04,7.00,0.01,0.10,676.00,0.46,0.05,729.00,0.50,0.05,45.00,0.03,0.05,6.00,0.00,0.05,645.00,0.44,0.05,759.00,0.52,0.05,47.00,0.03,0.06,5.00,0.00,0.06,679.00,0.47,0.05,739.00,0.51,0.05,35.00,0.02,0.05,3.00,0.00,0.05
BAJA CALIFORNIA,67.00,0.60,0.00,44.00,0.39,0.00,1.00,0.01,0.00,0.00,0.00,0.00,62.00,0.55,0.00,49.00,0.44,0.00,0.00,0.00,0.00,1.00,0.01,0.01,56.00,0.50,0.00,55.00,0.49,0.00,1.00,0.01,0.00,0.00,0.00,0.00,46.00,0.41,0.00,55.00,0.49,0.00,11.00,0.10,0.01,0.00,0.00,0.00,63.00,0.56,0.00,49.00,0.44,0.00,0.00,0.00,0.00,0.00,0.00,0.00,47.00,0.42,0.00,60.00,0.54,0.00,5.00,0.05,0.01,0.00,0.00,0.00,52.00,0.46,0.00,58.00,0.52,0.00,2.00,0.02,0.00,0.00,0.00,0.00,51.00,0.46,0.00,57.00,0.51,0.00,4.00,0.04,0.01,0.00,0.00,0.00,54.00,0.48,0.00,55.00,0.49,0.00,3.00,0.03,0.00,0.00,0.00,0.00
BAJA CALIFORNIA SUR,740.00,0.59,0.05,487.00,0.39,0.04,25.00,0.02,0.05,0.00,0.00,0.00,723.00,0.58,0.05,506.00,0.40,0.04,21.00,0.02,0.04,2.00,0.00,0.03,684.00,0.55,0.04,544.00,0.44,0.04,24.00,0.02,0.06,0.00,0.00,0.00,616.00,0.49,0.05,594.00,0.47,0.04,41.00,0.03,0.04,1.00,0.00,0.01,717.00,0.57,0.05,514.00,0.41,0.04,20.00,0.02,0.04,1.00,0.00,0.02,597.00,0.48,0.05,625.00,0.50,0.04,30.00,0.02,0.03,0.00,0.00,0.00,637.00,0.51,0.05,583.00,0.47,0.04,31.00,0.03,0.04,1.00,0.00,0.01,621.00,0.50,0.05,601.00,0.48,0.04,29.00,0.02,0.04,1.00,0.00,0.01,661.00,0.53,0.05,568.00,0.45,0.04,23.00,0.02,0.03,0.00,0.00,0.00
CAMPECHE,284.00,0.53,0.02,245.00,0.46,0.02,8.00,0.02,0.02,0.00,0.00,0.00,274.00,0.51,0.02,255.00,0.48,0.02,8.00,0.02,0.01,0.00,0.00,0.00,256.00,0.48,0.02,272.00,0.51,0.02,9.00,0.02,0.02,0.00,0.00,0.00,244.00,0.45,0.02,286.00,0.53,0.02,7.00,0.01,0.01,0.00,0.00,0.00,269.00,0.50,0.02,257.00,0.48,0.02,11.00,0.02,0.02,0.00,0.00,0.00,231.00,0.43,0.02,287.00,0.53,0.02,19.00,0.04,0.02,0.00,0.00,0.00,233.00,0.43,0.02,291.00,0.54,0.02,13.00,0.02,0.02,0.00,0.00,0.00,236.00,0.44,0.02,285.00,0.53,0.02,16.00,0.03,0.02,0.00,0.00,0.00,251.00,0.47,0.02,282.00,0.53,0.02,3.00,0.01,0.00,1.00,0.00,0.02
CHIAPAS,135.00,0.56,0.01,104.00,0.43,0.01,1.00,0.00,0.00,1.00,0.00,0.01,137.00,0.57,0.01,101.00,0.42,0.01,3.00,0.01,0.01,0.00,0.00,0.00,117.00,0.49,0.01,123.00,0.51,0.01,1.00,0.00,0.00,0.00,0.00,0.00,111.00,0.46,0.01,124.00,0.52,0.01,6.00,0.03,0.01,0.00,0.00,0.00,121.00,0.50,0.01,117.00,0.49,0.01,3.00,0.01,0.01,0.00,0.00,0.00,100.00,0.42,0.01,138.00,0.57,0.01,3.00,0.01,0.00,0.00,0.00,0.00,109.00,0.45,0.01,127.00,0.53,0.01,5.00,0.02,0.01,0.00,0.00,0.00,99.00,0.41,0.01,138.00,0.57,0.01,4.00,0.02,0.01,0.00,0.00,0.00,119.00,0.49,0.01,118.00,0.49,0.01,4.00,0.02,0.01,0.00,0.00,0.00
CHIHUAHUA,801.00,0.55,0.05,630.00,0.43,0.05,25.00,0.02,0.05,3.00,0.00,0.04,775.00,0.53,0.05,647.00,0.44,0.05,35.00,0.02,0.06,2.00,0.00,0.03,769.00,0.53,0.05,671.00,0.46,0.05,18.00,0.01,0.04,1.00,0.00,0.02,678.00,0.47,0.05,708.00,0.49,0.05,67.00,0.05,0.06,6.00,0.00,0.07,794.00,0.54,0.05,639.00,0.44,0.05,24.00,0.02,0.04,2.00,0.00,0.03,647.00,0.44,0.05,772.00,0.53,0.05,38.00,0.03,0.04,2.00,0.00,0.03,690.00,0.47,0.05,723.00,0.50,0.05,44.00,0.03,0.05,2.00,0.00,0.02,678.00,0.47,0.05,741.00,0.51,0.05,38.00,0.03,0.05,2.00,0.00,0.02,720.00,0.49,0.05,697.00,0.48,0.05,38.00,0.03,0.05,4.00,0.00,0.07
CIUDAD DE MÉXICO,937.00,0.54,0.06,763.00,0.44,0.06,35.00,0.02,0.07,7.00,0.00,0.10,893.00,0.51,0.06,786.00,0.45,0.06,57.00,0.03,0.10,6.00,0.00,0.09,897.00,0.52,0.06,807.00,0.46,0.06,34.00,0.02,0.08,4.00,0.00,0.09,788.00,0.45,0.06,859.00,0.49,0.06,86.00,0.05,0.07,9.00,0.01,0.10,879.00,0.51,0.06,805.00,0.46,0.06,51.00,0.03,0.09,7.00,0.00,0.11,749.00,0.43,0.06,927.00,0.53,0.06,61.00,0.04,0.07,5.00,0.00,0.07,789.00,0.45,0.06,870.00,0.50,0.06,76.00,0.04,0.09,7.00,0.00,0.06,778.00,0.45,0.06,891.00,0.51,0.06,65.00,0.04,0.09,8.00,0.01,0.09,815.00,0.47,0.06,849.00,0.49,0.06,73.00,0.04,0.10,5.00,0.00,0.08
COAHUILA,187.00,0.51,0.01,172.00,0.47,0.01,4.00,0.01,0.01,1.00,0.00,0.01,176.00,0.48,0.01,177.00,0.49,0.01,11.00,0.03,0.02,0.00,0.00,0.00,181.00,0.50,0.01,177.00,0.49,0.01,5.00,0.01,0.01,1.00,0.00,0.02,156.00,0.43,0.01,190.00,0.52,0.01,17.00,0.05,0.02,1.00,0.00,0.01,178.00,0.49,0.01,182.00,0.50,0.01,4.00,0.01,0.01,0.00,0.00,0.00,143.00,0.39,0.01,208.00,0.57,0.01,12.00,0.03,0.01,1.00,0.00,0.01,159.00,0.44,0.01,192.00,0.53,0.01,11.00,0.03,0.01,2.00,0.01,0.02,159.00,0.44,0.01,200.00,0.55,0.01,4.00,0.01,0.01,1.00,0.00,0.01,156.00,0.43,0.01,198.00,0.54,0.01,10.00,0.03,0.01,0.00,0.00,0.00
COLIMA,548.00,0.54,0.03,435.00,0.43,0.04,26.00,0.03,0.05,5.00,0.01,0.07,546.00,0.54,0.03,436.00,0.43,0.03,27.00,0.03,0.05,5.00,0.01,0.07,513.00,0.51,0.03,479.00,0.47,0.04,21.00,0.02,0.05,1.00,0.00,0.02,455.00,0.45,0.03,504.00,0.50,0.04,52.00,0.05,0.05,3.00,0.00,0.03,525.00,0.52,0.03,453.00,0.45,0.04,33.00,0.03,0.06,3.00,0.00,0.05,436.00,0.43,0.03,538.00,0.53,0.03,37.00,0.04,0.04,3.00,0.00,0.04,475.00,0.47,0.03,502.00,0.50,0.03,31.00,0.03,0.04,6.00,0.01,0.05,475.00,0.47,0.04,496.00,0.49,0.03,38.00,0.04,0.05,5.00,0.01,0.06,477.00,0.47,0.03,504.00,0.50,0.04,30.00,0.03,0.04,3.00,0.00,0.05
DURANGO,544.00,0.55,0.03,426.00,0.43,0.03,12.00,0.01,0.02,1.00,0.00,0.01,512.00,0.52,0.03,450.00,0.46,0.04,18.00,0.02,0.03,3.00,0.00,0.04,500.00,0.51,0.03,471.00,0.48,0.04,11.00,0.01,0.03,1.00,0.00,0.02,447.00,0.46,0.03,499.00,0.51,0.04,33.00,0.03,0.03,4.00,0.00,0.04,529.00,0.54,0.03,435.00,0.44,0.03,17.00,0.02,0.03,2.00,0.00,0.03,404.00,0.41,0.03,546.00,0.56,0.04,32.00,0.03,0.04,1.00,0.00,0.01,437.00,0.45,0.03,510.00,0.52,0.04,32.00,0.03,0.04,4.00,0.00,0.04,437.00,0.45,0.03,521.00,0.53,0.04,23.00,0.02,0.03,2.00,0.00,0.02,473.00,0.48,0.03,487.00,0.50,0.03,22.00,0.02,0.03,1.00,0.00,0.02
ESTADO DE MÉXICO,654.00,0.56,0.04,500.00,0.42,0.04,20.00,0.02,0.04,4.00,0.00,0.06,624.00,0.53,0.04,514.00,0.44,0.04,32.00,0.03,0.05,8.00,0.01,0.11,631.00,0.54,0.04,521.00,0.44,0.04,22.00,0.02,0.05,4.00,0.00,0.09,545.00,0.46,0.04,584.00,0.50,0.04,43.00,0.04,0.04,6.00,0.01,0.07,596.00,0.51,0.04,538.00,0.46,0.04,38.00,0.03,0.07,6.00,0.01,0.09,533.00,0.45,0.04,598.00,0.51,0.04,41.00,0.04,0.05,6.00,0.01,0.09,564.00,0.48,0.04,569.00,0.48,0.04,38.00,0.03,0.04,7.00,0.01,0.06,570.00,0.48,0.04,569.00,0.48,0.04,33.00,0.03,0.04,6.00,0.01,0.07,583.00,0.50,0.04,549.00,0.47,0.04,41.00,0.04,0.06,5.00,0.00,0.08
GUANAJUATO,1011.00,0.59,0.06,661.00,0.39,0.05,32.00,0.02,0.06,1.00,0.00,0.01,967.00,0.57,0.06,701.00,0.41,0.06,34.00,0.02,0.06,3.00,0.00,0.04,930.00,0.55,0.06,744.00,0.44,0.06,31.00,0.02,0.07,0.00,0.00,0.00,837.00,0.49,0.06,781.00,0.46,0.05,84.00,0.05,0.07,3.00,0.00,0.03,968.00,0.57,0.06,701.00,0.41,0.05,36.00,0.02,0.06,0.00,0.00,0.00,800.00,0.47,0.06,859.00,0.50,0.06,44.00,0.03,0.05,2.00,0.00,0.03,869.00,0.51,0.06,784.00,0.46,0.05,50.00,0.03,0.06,2.00,0.00,0.02,852.00,0.50,0.06,810.00,0.48,0.05,41.00,0.02,0.06,2.00,0.00,0.02,868.00,0.51,0.06,798.00,0.47,0.06,37.00,0.02,0.05,2.00,0.00,0.03
GUERRERO,147.00,0.59,0.01,100.00,0.40,0.01,1.00,0.00,0.00,0.00,0.00,0.00,149.00,0.60,0.01,94.00,0.38,0.01,5.00,0.02,0.01,0.00,0.00,0.00,135.00,0.55,0.01,111.00,0.45,0.01,1.00,0.00,0.00,0.00,0.00,0.00,119.00,0.48,0.01,120.00,0.49,0.01,8.00,0.03,0.01,0.00,0.00,0.00,139.00,0.56,0.01,105.00,0.43,0.01,3.00,0.01,0.01,0.00,0.00,0.00,120.00,0.49,0.01,121.00,0.49,0.01,6.00,0.02,0.01,0.00,0.00,0.00,126.00,0.51,0.01,115.00,0.47,0.01,6.00,0.02,0.01,0.00,0.00,0.00,118.00,0.48,0.01,125.00,0.51,0.01,4.00,0.02,0.01,0.00,0.00,0.00,128.00,0.52,0.01,117.00,0.47,0.01,2.00,0.01,0.00,0.00,0.00,0.00
HIDALGO,636.00,0.61,0.04,399.00,0.38,0.03,9.00,0.01,0.02,3.00,0.00,0.04,590.00,0.56,0.04,438.00,0.42,0.03,17.00,0.02,0.03,2.00,0.00,0.03,598.00,0.57,0.04,439.00,0.42,0.03,8.00,0.01,0.02,2.00,0.00,0.04,535.00,0.51,0.04,482.00,0.46,0.03,26.00,0.03,0.02,4.00,0.00,0.04,588.00,0.56,0.04,450.00,0.43,0.03,7.00,0.01,0.01,2.00,0.00,0.03,490.00,0.47,0.04,533.00,0.51,0.03,23.00,0.02,0.03,1.00,0.00,0.01,540.00,0.52,0.04,481.00,0.46,0.03,21.00,0.02,0.02,5.00,0.01,0.04,551.00,0.53,0.04,476.00,0.46,0.03,16.00,0.02,0.02,4.00,0.00,0.05,562.00,0.54,0.04,462.00,0.44,0.03,21.00,0.02,0.03,2.00,0.00,0.03
JALISCO,724.00,0.58,0.04,513.00,0.41,0.04,20.00,0.02,0.04,1.00,0.00,0.01,695.00,0.55,0.04,531.00,0.42,0.04,28.00,0.02,0.05,4.00,0.00,0.06,651.00,0.52,0.04,589.00,0.47,0.04,16.00,0.01,0.04,2.00,0.00,0.04,564.00,0.45,0.04,623.00,0.50,0.04,66.00,0.05,0.06,5.00,0.00,0.05,670.00,0.53,0.04,562.00,0.45,0.04,22.00,0.02,0.04,4.00,0.00,0.06,541.00,0.43,0.04,666.00,0.53,0.04,47.00,0.04,0.05,4.00,0.00,0.06,502.00,0.40,0.04,636.00,0.51,0.04,97.00,0.08,0.11,23.00,0.02,0.20,535.00,0.43,0.04,681.00,0.54,0.05,37.00,0.03,0.05,5.00,0.00,0.06,595.00,0.47,0.04,631.00,0.50,0.04,29.00,0.02,0.04,3.00,0.00,0.05
MICHOACÁN,6.00,0.50,0.00,6.00,0.50,0.00,0.00,0.00,0.00,0.00,0.00,0.00,7.00,0.58,0.00,5.00,0.42,0.00,0.00,0.00,0.00,0.00,0.00,0.00,6.00,0.50,0.00,6.00,0.50,0.00,0.00,0.00,0.00,0.00,0.00,0.00,6.00,0.50,0.00,6.00,0.50,0.00,0.00,0.00,0.00,0.00,0.00,0.00,7.00,0.58,0.00,5.00,0.42,0.00,0.00,0.00,0.00,0.00,0.00,0.00,7.00,0.58,0.00,4.00,0.33,0.00,1.00,0.08,0.00,0.00,0.00,0.00,6.00,0.50,0.00,6.00,0.50,0.00,0.00,0.00,0.00,0.00,0.00,0.00,7.00,0.58,0.00,5.00,0.42,0.00,0.00,0.00,0.00,0.00,0.00,0.00,6.00,0.50,0.00,5.00,0.42,0.00,1.00,0.08,0.00,0.00,0.00,0.00
MORELOS,849.00,0.56,0.05,639.00,0.42,0.05,23.00,0.02,0.05,0.00,0.00,0.00,830.00,0.55,0.05,659.00,0.44,0.05,21.00,0.01,0.04,1.00,0.00,0.01,791.00,0.52,0.05,705.00,0.47,0.05,15.00,0.01,0.04,0.00,0.00,0.00,685.00,0.45,0.05,767.00,0.51,0.05,56.00,0.04,0.05,2.00,0.00,0.02,805.00,0.53,0.05,672.00,0.45,0.05,29.00,0.02,0.05,5.00,0.00,0.08,604.00,0.40,0.05,856.00,0.57,0.06,48.00,0.03,0.05,3.00,0.00,0.04,708.00,0.47,0.05,769.00,0.51,0.05,30.00,0.02,0.03,4.00,0.00,0.04,716.00,0.47,0.05,761.00,0.50,0.05,31.00,0.02,0.04,3.00,0.00,0.03,740.00,0.49,0.05,729.00,0.48,0.05,40.00,0.03,0.06,2.00,0.00,0.03
NAYARIT,376.00,0.58,0.02,261.00,0.40,0.02,8.00,0.01,0.02,2.00,0.00,0.03,378.00,0.58,0.02,263.00,0.41,0.02,6.00,0.01,0.01,0.00,0.00,0.00,345.00,0.53,0.02,296.00,0.46,0.02,6.00,0.01,0.01,0.00,0.00,0.00,329.00,0.51,0.02,292.00,0.45,0.02,25.00,0.04,0.02,1.00,0.00,0.01,382.00,0.59,0.02,259.00,0.40,0.02,5.00,0.01,0.01,1.00,0.00,0.02,309.00,0.48,0.02,315.00,0.49,0.02,22.00,0.03,0.02,1.00,0.00,0.01,330.00,0.51,0.02,299.00,0.46,0.02,17.00,0.03,0.02,1.00,0.00,0.01,306.00,0.47,0.02,325.00,0.50,0.02,13.00,0.02,0.02,3.00,0.01,0.03,341.00,0.53,0.02,297.00,0.46,0.02,8.00,0.01,0.01,1.00,0.00,0.02
NUEVO LEÓN,57.00,0.55,0.00,42.00,0.41,0.00,1.00,0.01,0.00,3.00,0.03,0.04,56.00,0.54,0.00,42.00,0.41,0.00,4.00,0.04,0.01,1.00,0.01,0.01,53.00,0.52,0.00,49.00,0.48,0.00,1.00,0.01,0.00,0.00,0.00,0.00,58.00,0.56,0.00,41.00,0.40,0.00,4.00,0.04,0.00,0.00,0.00,0.00,58.00,0.56,0.00,39.00,0.38,0.00,6.00,0.06,0.01,0.00,0.00,0.00,45.00,0.44,0.00,55.00,0.53,0.00,3.00,0.03,0.00,0.00,0.00,0.00,56.00,0.54,0.00,44.00,0.43,0.00,3.00,0.03,0.00,0.00,0.00,0.00,49.00,0.48,0.00,53.00,0.52,0.00,1.00,0.01,0.00,0.00,0.00,0.00,48.00,0.47,0.00,53.00,0.52,0.00,2.00,0.02,0.00,0.00,0.00,0.00
PUEBLA,476.00,0.53,0.03,393.00,0.44,0.03,19.00,0.02,0.04,3.00,0.00,0.04,459.00,0.52,0.03,411.00,0.46,0.03,19.00,0.02,0.03,2.00,0.00,0.03,441.00,0.50,0.03,432.00,0.49,0.03,17.00,0.02,0.04,1.00,0.00,0.02,402.00,0.45,0.03,446.00,0.50,0.03,41.00,0.05,0.04,2.00,0.00,0.02,469.00,0.53,0.03,406.00,0.46,0.03,15.00,0.02,0.03,1.00,0.00,0.02,355.00,0.40,0.03,499.00,0.56,0.03,33.00,0.04,0.04,4.00,0.00,0.06,389.00,0.44,0.03,470.00,0.53,0.03,27.00,0.03,0.03,5.00,0.01,0.04,381.00,0.43,0.03,492.00,0.55,0.03,16.00,0.02,0.02,2.00,0.00,0.02,400.00,0.45,0.03,457.00,0.51,0.03,31.00,0.04,0.04,3.00,0.00,0.05
QUERÉTARO,860.00,0.58,0.05,600.00,0.40,0.05,25.00,0.02,0.05,5.00,0.00,0.07,834.00,0.56,0.05,628.00,0.42,0.05,25.00,0.02,0.04,3.00,0.00,0.04,833.00,0.56,0.05,635.00,0.43,0.05,20.00,0.01,0.05,2.00,0.00,0.04,735.00,0.49,0.05,699.00,0.47,0.05,51.00,0.03,0.04,5.00,0.00,0.05,837.00,0.56,0.05,620.00,0.42,0.05,31.00,0.02,0.05,2.00,0.00,0.03,696.00,0.47,0.05,759.00,0.51,0.05,33.00,0.02,0.04,2.00,0.00,0.03,744.00,0.50,0.05,705.00,0.47,0.05,35.00,0.02,0.04,6.00,0.00,0.05,717.00,0.48,0.05,734.00,0.49,0.05,34.00,0.02,0.05,5.00,0.00,0.06,758.00,0.51,0.05,698.00,0.47,0.05,31.00,0.02,0.04,3.00,0.00,0.05
QUINTANA ROO,752.00,0.55,0.05,571.00,0.42,0.05,32.00,0.02,0.06,3.00,0.00,0.04,759.00,0.56,0.05,576.00,0.42,0.05,22.00,0.02,0.04,2.00,0.00,0.03,712.00,0.52,0.05,621.00,0.46,0.05,23.00,0.02,0.06,3.00,0.00,0.06,677.00,0.50,0.05,637.00,0.47,0.04,41.00,0.03,0.04,4.00,0.00,0.04,747.00,0.55,0.05,585.00,0.43,0.05,25.00,0.02,0.04,2.00,0.00,0.03,611.00,0.45,0.05,706.00,0.52,0.05,38.00,0.03,0.04,4.00,0.00,0.06,699.00,0.51,0.05,629.00,0.46,0.04,27.00,0.02,0.03,4.00,0.00,0.04,668.00,0.49,0.05,661.00,0.49,0.04,26.00,0.02,0.04,4.00,0.00,0.05,719.00,0.53,0.05,612.00,0.45,0.04,26.00,0.02,0.04,2.00,0.00,0.03
SAN LUIS POTOSÍ,437.00,0.55,0.03,335.00,0.42,0.03,18.00,0.02,0.04,0.00,0.00,0.00,418.00,0.53,0.03,353.00,0.45,0.03,18.00,0.02,0.03,1.00,0.00,0.01,400.00,0.51,0.03,376.00,0.48,0.03,10.00,0.01,0.02,4.00,0.01,0.09,353.00,0.45,0.03,402.00,0.51,0.03,31.00,0.04,0.03,4.00,0.01,0.04,401.00,0.51,0.03,369.00,0.47,0.03,16.00,0.02,0.03,4.00,0.01,0.06,330.00,0.42,0.03,439.00,0.56,0.03,18.00,0.02,0.02,3.00,0.00,0.04,362.00,0.46,0.03,397.00,0.50,0.03,28.00,0.04,0.03,3.00,0.00,0.03,356.00,0.45,0.03,416.00,0.53,0.03,16.00,0.02,0.02,2.00,0.00,0.02,343.00,0.43,0.02,429.00,0.54,0.03,17.00,0.02,0.02,1.00,0.00,0.02
SINALOA,829.00,0.55,0.05,646.00,0.43,0.05,23.00,0.02,0.05,0.00,0.00,0.00,859.00,0.57,0.05,609.00,0.41,0.05,27.00,0.02,0.05,3.00,0.00,0.04,808.00,0.54,0.05,672.00,0.45,0.05,17.00,0.01,0.04,1.00,0.00,0.02,728.00,0.49,0.05,725.00,0.48,0.05,41.00,0.03,0.04,4.00,0.00,0.04,826.00,0.55,0.05,647.00,0.43,0.05,25.00,0.02,0.04,0.00,0.00,0.00,665.00,0.44,0.05,789.00,0.53,0.05,41.00,0.03,0.05,3.00,0.00,0.04,741.00,0.50,0.05,722.00,0.48,0.05,34.00,0.02,0.04,1.00,0.00,0.01,721.00,0.48,0.05,735.00,0.49,0.05,38.00,0.03,0.05,4.00,0.00,0.05,767.00,0.51,0.05,701.00,0.47,0.05,30.00,0.02,0.04,0.00,0.00,0.00
SONORA,532.00,0.55,0.03,422.00,0.43,0.03,17.00,0.02,0.03,1.00,0.00,0.01,552.00,0.57,0.03,408.00,0.42,0.03,12.00,0.01,0.02,0.00,0.00,0.00,514.00,0.53,0.03,442.00,0.46,0.03,15.00,0.02,0.04,1.00,0.00,0.02,471.00,0.49,0.03,477.00,0.49,0.03,23.00,0.02,0.02,1.00,0.00,0.01,515.00,0.53,0.03,445.00,0.46,0.03,11.00,0.01,0.02,1.00,0.00,0.02,414.00,0.43,0.03,518.00,0.53,0.03,39.00,0.04,0.04,1.00,0.00,0.01,450.00,0.46,0.03,496.00,0.51,0.03,24.00,0.03,0.03,2.00,0.00,0.02,435.00,0.45,0.03,517.00,0.53,0.04,18.00,0.02,0.02,2.00,0.00,0.02,469.00,0.48,0.03,488.00,0.50,0.03,14.00,0.01,0.02,1.00,0.00,0.02
TABASCO,538.00,0.58,0.03,383.00,0.41,0.03,12.00,0.01,0.02,1.00,0.00,0.01,554.00,0.59,0.03,365.00,0.39,0.03,15.00,0.02,0.03,0.00,0.00,0.00,534.00,0.57,0.04,395.00,0.42,0.03,5.00,0.01,0.01,0.00,0.00,0.00,485.00,0.52,0.04,422.00,0.45,0.03,26.00,0.03,0.02,1.00,0.00,0.01,495.00,0.53,0.03,425.00,0.46,0.03,13.00,0.01,0.02,1.00,0.00,0.02,422.00,0.45,0.03,483.00,0.52,0.03,29.00,0.03,0.03,0.00,0.00,0.00,460.00,0.49,0.03,451.00,0.48,0.03,22.00,0.02,0.03,1.00,0.00,0.01,459.00,0.49,0.03,453.00,0.49,0.03,22.00,0.02,0.03,0.00,0.00,0.00,488.00,0.52,0.03,420.00,0.45,0.03,25.00,0.03,0.03,1.00,0.00,0.02
TAMAULIPAS,617.00,0.53,0.04,526.00,0.45,0.04,22.00,0.02,0.04,4.00,0.00,0.06,620.00,0.53,0.04,527.00,0.45,0.04,18.00,0.02,0.03,4.00,0.00,0.06,583.00,0.50,0.04,572.00,0.49,0.04,10.00,0.01,0.02,3.00,0.00,0.06,525.00,0.45,0.04,608.00,0.52,0.04,30.00,0.03,0.03,5.00,0.00,0.05,616.00,0.53,0.04,533.00,0.46,0.04,15.00,0.01,0.03,5.00,0.00,0.08,488.00,0.42,0.04,647.00,0.55,0.04,29.00,0.03,0.03,5.00,0.00,0.07,551.00,0.47,0.04,594.00,0.51,0.04,20.00,0.02,0.02,4.00,0.00,0.04,523.00,0.45,0.04,623.00,0.53,0.04,19.00,0.02,0.03,4.00,0.00,0.05,554.00,0.47,0.04,596.00,0.51,0.04,16.00,0.01,0.02,3.00,0.00,0.05
TLAXCALA,498.00,0.46,0.03,549.00,0.51,0.04,28.00,0.03,0.06,4.00,0.00,0.06,503.00,0.47,0.03,539.00,0.50,0.04,33.00,0.03,0.06,4.00,0.00,0.06,477.00,0.44,0.03,579.00,0.54,0.04,16.00,0.02,0.04,7.00,0.01,0.15,422.00,0.39,0.03,587.00,0.54,0.04,63.00,0.06,0.05,7.00,0.01,0.08,488.00,0.45,0.03,553.00,0.51,0.04,35.00,0.03,0.06,3.00,0.00,0.05,382.00,0.35,0.03,650.00,0.60,0.04,40.00,0.04,0.04,7.00,0.01,0.10,412.00,0.38,0.03,611.00,0.57,0.04,48.00,0.04,0.05,8.00,0.01,0.07,418.00,0.39,0.03,611.00,0.57,0.04,44.00,0.04,0.06,6.00,0.01,0.07,427.00,0.40,0.03,601.00,0.56,0.04,46.00,0.04,0.06,5.00,0.01,0.08
VERACRUZ,340.00,0.54,0.02,284.00,0.45,0.02,9.00,0.01,0.02,1.00,0.00,0.01,344.00,0.54,0.02,275.00,0.43,0.02,14.00,0.02,0.02,1.00,0.00,0.01,312.00,0.49,0.02,316.00,0.50,0.02,6.00,0.01,0.01,0.00,0.00,0.00,302.00,0.48,0.02,305.00,0.48,0.02,27.00,0.04,0.02,0.00,0.00,0.00,337.00,0.53,0.02,287.00,0.45,0.02,10.00,0.02,0.02,0.00,0.00,0.00,273.00,0.43,0.02,335.00,0.53,0.02,26.00,0.04,0.03,0.00,0.00,0.00,291.00,0.46,0.02,327.00,0.52,0.02,15.00,0.02,0.02,1.00,0.00,0.01,298.00,0.47,0.02,315.00,0.50,0.02,18.00,0.03,0.02,3.00,0.01,0.03,318.00,0.50,0.02,303.00,0.48,0.02,13.00,0.02,0.02,0.00,0.00,0.00
YUCATÁN,407.00,0.58,0.03,287.00,0.41,0.02,8.00,0.01,0.02,4.00,0.01,0.06,396.00,0.56,0.03,294.00,0.42,0.02,12.00,0.02,0.02,4.00,0.01,0.06,372.00,0.53,0.02,320.00,0.45,0.02,10.00,0.01,0.02,4.00,0.01,0.09,323.00,0.46,0.02,338.00,0.48,0.02,41.00,0.06,0.04,4.00,0.01,0.04,373.00,0.53,0.02,310.00,0.44,0.02,16.00,0.02,0.03,7.00,0.01,0.11,287.00,0.41,0.02,392.00,0.56,0.03,24.00,0.03,0.03,3.00,0.00,0.04,321.00,0.46,0.02,353.00,0.50,0.02,26.00,0.04,0.03,6.00,0.01,0.05,330.00,0.47,0.02,351.00,0.50,0.02,20.00,0.03,0.03,5.00,0.01,0.06,339.00,0.48,0.02,340.00,0.48,0.02,21.00,0.03,0.03,6.00,0.01,0.10
ZACATECAS,606.00,0.54,0.04,482.00,0.43,0.04,21.00,0.02,0.04,5.00,0.00,0.07,590.00,0.53,0.04,499.00,0.45,0.04,23.00,0.02,0.04,2.00,0.00,0.03,571.00,0.51,0.04,519.00,0.47,0.04,21.00,0.02,0.05,3.00,0.00,0.06,506.00,0.45,0.04,546.00,0.49,0.04,57.00,0.05,0.05,5.00,0.00,0.05,602.00,0.54,0.04,478.00,0.43,0.04,32.00,0.03,0.06,2.00,0.00,0.03,495.00,0.44,0.04,563.00,0.51,0.04,55.00,0.05,0.06,1.00,0.00,0.01,511.00,0.46,0.04,567.00,0.51,0.04,34.00,0.03,0.04,2.00,0.00,0.02,507.00,0.46,0.04,569.00,0.51,0.04,33.00,0.03,0.04,5.00,0.00,0.06,525.00,0.47,0.04,550.00,0.49,0.04,35.00,0.03,0.05,4.00,0.00,0.07
Hombre,6738.00,0.54,0.41,5454.00,0.44,0.44,220.00,0.02,0.43,32.00,0.00,0.46,6640.00,0.53,0.41,5507.00,0.44,0.43,265.00,0.02,0.45,33.00,0.00,0.47,6305.00,0.51,0.41,5921.00,0.48,0.44,197.00,0.02,0.47,21.00,0.00,0.45,5689.00,0.46,0.41,6213.00,0.50,0.43,500.00,0.04,0.43,42.00,0.00,0.45,6436.00,0.52,0.41,5717.00,0.46,0.44,267.00,0.02,0.47,24.00,0.00,0.37,5164.00,0.42,0.40,6827.00,0.55,0.44,419.00,0.03,0.46,34.00,0.00,0.49,5657.00,0.46,0.41,6333.00,0.51,0.43,402.00,0.03,0.45,52.00,0.00,0.46,5599.00,0.45,0.41,6461.00,0.52,0.43,349.00,0.03,0.47,35.00,0.00,0.39,5942.00,0.48,0.41,6164.00,0.50,0.43,310.00,0.03,0.43,28.00,0.00,0.46
Mujer,9647.00,0.57,0.59,7088.00,0.42,0.57,288.00,0.02,0.57,37.00,0.00,0.54,9430.00,0.55,0.59,7263.00,0.43,0.57,330.00,0.02,0.56,37.00,0.00,0.53,9118.00,0.53,0.59,7695.00,0.45,0.57,220.00,0.01,0.53,26.00,0.00,0.55,8133.00,0.48,0.59,8208.00,0.48,0.57,666.00,0.04,0.57,51.00,0.00,0.55,9323.00,0.55,0.59,7391.00,0.43,0.56,305.00,0.02,0.53,41.00,0.00,0.63,7673.00,0.45,0.60,8855.00,0.52,0.57,497.00,0.03,0.54,35.00,0.00,0.51,8232.00,0.48,0.59,8277.00,0.49,0.57,490.00,0.03,0.55,61.00,0.00,0.54,8097.00,0.48,0.59,8510.00,0.50,0.57,399.00,0.02,0.53,54.00,0.00,0.61,8441.00,0.50,0.59,8169.00,0.48,0.57,417.00,0.02,0.57,33.00,0.00,0.54
18 a 20 años,124.00,0.54,0.01,105.00,0.46,0.01,1.00,0.00,0.00,0.00,0.00,0.00,127.00,0.55,0.01,98.00,0.43,0.01,4.00,0.02,0.01,1.00,0.00,0.01,117.00,0.51,0.01,111.00,0.48,0.01,2.00,0.01,0.01,0.00,0.00,0.00,108.00,0.47,0.01,117.00,0.51,0.01,4.00,0.02,0.00,1.00,0.00,0.01,109.00,0.47,0.01,117.00,0.51,0.01,4.00,0.02,0.01,0.00,0.00,0.00,99.00,0.43,0.01,126.00,0.55,0.01,5.00,0.02,0.01,0.00,0.00,0.00,98.00,0.43,0.01,126.00,0.55,0.01,6.00,0.03,0.01,0.00,0.00,0.00,102.00,0.44,0.01,120.00,0.52,0.01,7.00,0.03,0.01,1.00,0.00,0.01,102.00,0.44,0.01,123.00,0.54,0.01,4.00,0.02,0.01,1.00,0.00,0.02
21 a 30 años,2208.00,0.62,0.14,1322.00,0.37,0.11,44.00,0.01,0.09,10.00,0.00,0.15,2129.00,0.59,0.13,1379.00,0.39,0.11,64.00,0.02,0.11,12.00,0.00,0.17,2063.00,0.58,0.13,1464.00,0.41,0.11,51.00,0.01,0.12,6.00,0.00,0.13,1838.00,0.51,0.13,1588.00,0.44,0.11,141.00,0.04,0.12,17.00,0.01,0.18,2167.00,0.61,0.14,1346.00,0.38,0.10,62.00,0.02,0.11,9.00,0.00,0.14,1783.00,0.50,0.14,1685.00,0.47,0.11,107.00,0.03,0.12,9.00,0.00,0.13,1828.00,0.51,0.13,1630.00,0.46,0.11,107.00,0.03,0.12,19.00,0.01,0.17,1789.00,0.50,0.13,1680.00,0.47,0.11,100.00,0.03,0.13,15.00,0.00,0.17,1909.00,0.53,0.13,1579.00,0.44,0.11,84.00,0.02,0.12,12.00,0.00,0.20
31 a 40 años,5482.00,0.57,0.34,3918.00,0.41,0.31,161.00,0.02,0.32,23.00,0.00,0.33,5222.00,0.55,0.33,4140.00,0.43,0.32,199.00,0.02,0.33,24.00,0.00,0.34,5069.00,0.53,0.33,4356.00,0.46,0.32,146.00,0.02,0.35,13.00,0.00,0.28,4547.00,0.47,0.33,4628.00,0.48,0.32,377.00,0.04,0.32,31.00,0.00,0.33,5200.00,0.54,0.33,4161.00,0.43,0.32,202.00,0.02,0.35,21.00,0.00,0.32,4275.00,0.45,0.33,5009.00,0.52,0.32,279.00,0.03,0.31,21.00,0.00,0.30,4491.00,0.47,0.32,4749.00,0.50,0.33,312.00,0.03,0.35,32.00,0.00,0.28,4420.00,0.46,0.32,4871.00,0.51,0.33,260.00,0.03,0.35,33.00,0.00,0.37,4664.00,0.49,0.32,4662.00,0.49,0.33,239.00,0.03,0.33,19.00,0.00,0.31
41 a 50 años,4893.00,0.52,0.30,4258.00,0.46,0.34,177.00,0.02,0.35,27.00,0.00,0.39,4871.00,0.52,0.30,4256.00,0.46,0.33,205.00,0.02,0.35,23.00,0.00,0.33,4637.00,0.50,0.30,4553.00,0.49,0.33,145.00,0.02,0.35,19.00,0.00,0.40,4164.00,0.45,0.30,4774.00,0.51,0.33,393.00,0.04,0.34,23.00,0.00,0.25,4759.00,0.51,0.30,4391.00,0.47,0.34,181.00,0.02,0.32,24.00,0.00,0.37,3825.00,0.41,0.30,5204.00,0.56,0.33,303.00,0.03,0.33,23.00,0.00,0.33,4226.00,0.45,0.30,4784.00,0.51,0.33,304.00,0.03,0.34,41.00,0.00,0.36,4148.00,0.44,0.30,4928.00,0.53,0.33,258.00,0.03,0.35,21.00,0.00,0.24,4366.00,0.47,0.30,4730.00,0.51,0.33,239.00,0.03,0.33,20.00,0.00,0.33
51 a 60 años,3086.00,0.54,0.19,2557.00,0.44,0.20,109.00,0.02,0.22,5.00,0.00,0.07,3134.00,0.54,0.20,2511.00,0.44,0.20,105.00,0.02,0.18,7.00,0.00,0.10,2992.00,0.52,0.19,2694.00,0.47,0.20,65.00,0.01,0.16,6.00,0.00,0.13,2656.00,0.46,0.19,2871.00,0.50,0.20,213.00,0.04,0.18,17.00,0.00,0.18,2974.00,0.52,0.19,2668.00,0.46,0.20,110.00,0.02,0.19,5.00,0.00,0.08,2404.00,0.42,0.19,3156.00,0.55,0.20,185.00,0.03,0.20,12.00,0.00,0.17,2740.00,0.48,0.20,2859.00,0.50,0.20,141.00,0.02,0.16,17.00,0.00,0.15,2724.00,0.47,0.20,2913.00,0.51,0.20,104.00,0.02,0.14,16.00,0.00,0.18,2804.00,0.49,0.20,2803.00,0.49,0.20,145.00,0.03,0.20,5.00,0.00,0.08
61 a 70 años,567.00,0.60,0.04,357.00,0.38,0.03,16.00,0.02,0.03,4.00,0.00,0.06,556.00,0.59,0.04,371.00,0.39,0.03,14.00,0.02,0.02,3.00,0.00,0.04,521.00,0.55,0.03,413.00,0.44,0.03,7.00,0.01,0.02,3.00,0.00,0.06,481.00,0.51,0.04,427.00,0.45,0.03,32.00,0.03,0.03,4.00,0.00,0.04,524.00,0.56,0.03,403.00,0.43,0.03,12.00,0.01,0.02,5.00,0.01,0.08,433.00,0.46,0.03,475.00,0.50,0.03,32.00,0.03,0.04,4.00,0.00,0.06,485.00,0.51,0.04,435.00,0.46,0.03,20.00,0.02,0.02,4.00,0.00,0.04,491.00,0.52,0.04,434.00,0.46,0.03,16.00,0.02,0.02,3.00,0.00,0.03,519.00,0.55,0.04,410.00,0.43,0.03,11.00,0.01,0.02,4.00,0.00,0.07
71 a 80 años,25.00,0.50,0.00,25.00,0.50,0.00,0.00,0.00,0.00,0.00,0.00,0.00,31.00,0.62,0.00,15.00,0.30,0.00,4.00,0.08,0.01,0.00,0.00,0.00,24.00,0.48,0.00,25.00,0.50,0.00,1.00,0.02,0.00,0.00,0.00,0.00,28.00,0.56,0.00,16.00,0.32,0.00,6.00,0.12,0.01,0.00,0.00,0.00,26.00,0.52,0.00,22.00,0.44,0.00,1.00,0.02,0.00,1.00,0.02,0.02,18.00,0.36,0.00,27.00,0.54,0.00,5.00,0.10,0.01,0.00,0.00,0.00,21.00,0.42,0.00,27.00,0.54,0.00,2.00,0.04,0.00,0.00,0.00,0.00,22.00,0.44,0.00,25.00,0.50,0.00,3.00,0.06,0.00,0.00,0.00,0.00,19.00,0.38,0.00,26.00,0.52,0.00,5.00,0.10,0.01,0.00,0.00,0.00
81 a 90 años,0.00,0.00,0.00,0.00,0.00,0.00,0.00,0.00,0.00,0.00,0.00,0.00,0.00,0.00,0.00,0.00,0.00,0.00,0.00,0.00,0.00,0.00,0.00,0.00,0.00,0.00,0.00,0.00,0.00,0.00,0.00,0.00,0.00,0.00,0.00,0.00,0.00,0.00,0.00,0.00,0.00,0.00,0.00,0.00,0.00,0.00,0.00,0.00,0.00,0.00,0.00,0.00,0.00,0.00,0.00,0.00,0.00,0.00,0.00,0.00,0.00,0.00,0.00,0.00,0.00,0.00,0.00,0.00,0.00,0.00,0.00,0.00,0.00,0.00,0.00,0.00,0.00,0.00,0.00,0.00,0.00,0.00,0.00,0.00,0.00,0.00,0.00,0.00,0.00,0.00,0.00,0.00,0.00,0.00,0.00,0.00,0.00,0.00,0.00,0.00,0.00,0.00,0.00,0.00,0.00,0.00,0.00,0.00
91 a 99 años,0.00,0.00,0.00,0.00,0.00,0.00,0.00,0.00,0.00,0.00,0.00,0.00,0.00,0.00,0.00,0.00,0.00,0.00,0.00,0.00,0.00,0.00,0.00,0.00,0.00,0.00,0.00,0.00,0.00,0.00,0.00,0.00,0.00,0.00,0.00,0.00,0.00,0.00,0.00,0.00,0.00,0.00,0.00,0.00,0.00,0.00,0.00,0.00,0.00,0.00,0.00,0.00,0.00,0.00,0.00,0.00,0.00,0.00,0.00,0.00,0.00,0.00,0.00,0.00,0.00,0.00,0.00,0.00,0.00,0.00,0.00,0.00,0.00,0.00,0.00,0.00,0.00,0.00,0.00,0.00,0.00,0.00,0.00,0.00,0.00,0.00,0.00,0.00,0.00,0.00,0.00,0.00,0.00,0.00,0.00,0.00,0.00,0.00,0.00,0.00,0.00,0.00,0.00,0.00,0.00,0.00,0.00,0.00
"Preparatoria, bachillerato o carrera técnica",297.00,0.43,0.02,386.00,0.56,0.03,10.00,0.01,0.02,1.00,0.00,0.01,320.00,0.46,0.02,360.00,0.52,0.03,12.00,0.02,0.02,2.00,0.00,0.03,295.00,0.43,0.02,388.00,0.56,0.03,10.00,0.01,0.02,1.00,0.00,0.02,264.00,0.38,0.02,410.00,0.59,0.03,19.00,0.03,0.02,1.00,0.00,0.01,298.00,0.43,0.02,385.00,0.56,0.03,9.00,0.01,0.02,2.00,0.00,0.03,242.00,0.35,0.02,437.00,0.63,0.03,14.00,0.02,0.02,1.00,0.00,0.01,277.00,0.40,0.02,398.00,0.57,0.03,16.00,0.02,0.02,3.00,0.00,0.03,266.00,0.38,0.02,416.00,0.60,0.03,10.00,0.01,0.01,2.00,0.00,0.02,270.00,0.39,0.02,411.00,0.59,0.03,11.00,0.02,0.02,2.00,0.00,0.03
Normal básica sin licenciatura,70.00,0.45,0.00,84.00,0.54,0.01,1.00,0.01,0.00,0.00,0.00,0.00,78.00,0.50,0.01,76.00,0.49,0.01,1.00,0.01,0.00,0.00,0.00,0.00,71.00,0.46,0.01,83.00,0.54,0.01,1.00,0.01,0.00,0.00,0.00,0.00,62.00,0.40,0.00,89.00,0.57,0.01,3.00,0.02,0.00,1.00,0.01,0.01,71.00,0.46,0.01,81.00,0.52,0.01,3.00,0.02,0.01,0.00,0.00,0.00,67.00,0.43,0.01,82.00,0.53,0.01,6.00,0.04,0.01,0.00,0.00,0.00,71.00,0.46,0.01,80.00,0.52,0.01,4.00,0.03,0.00,0.00,0.00,0.00,64.00,0.41,0.01,88.00,0.57,0.01,2.00,0.01,0.00,1.00,0.01,0.01,74.00,0.48,0.01,78.00,0.50,0.01,3.00,0.02,0.00,0.00,0.00,0.00
Normal superior,2326.00,0.54,0.14,1930.00,0.45,0.15,68.00,0.02,0.13,7.00,0.00,0.10,2311.00,0.53,0.14,1945.00,0.45,0.15,69.00,0.02,0.12,6.00,0.00,0.09,2208.00,0.51,0.14,2067.00,0.48,0.15,51.00,0.01,0.12,4.00,0.00,0.09,1926.00,0.45,0.14,2244.00,0.52,0.16,150.00,0.04,0.13,10.00,0.00,0.11,2217.00,0.51,0.14,2027.00,0.47,0.16,77.00,0.02,0.14,10.00,0.00,0.15,1771.00,0.41,0.14,2419.00,0.56,0.15,135.00,0.03,0.15,6.00,0.00,0.09,1934.00,0.45,0.14,2267.00,0.52,0.16,113.00,0.03,0.13,17.00,0.00,0.15,1939.00,0.45,0.14,2283.00,0.53,0.15,98.00,0.02,0.13,11.00,0.00,0.12,2045.00,0.47,0.14,2168.00,0.50,0.15,112.00,0.03,0.15,6.00,0.00,0.10
Normal Intercultural Bilingüe,8.00,0.57,0.00,6.00,0.43,0.00,0.00,0.00,0.00,0.00,0.00,0.00,10.00,0.71,0.00,3.00,0.21,0.00,1.00,0.07,0.00,0.00,0.00,0.00,10.00,0.71,0.00,4.00,0.29,0.00,0.00,0.00,0.00,0.00,0.00,0.00,10.00,0.71,0.00,3.00,0.21,0.00,1.00,0.07,0.00,0.00,0.00,0.00,11.00,0.79,0.00,3.00,0.21,0.00,0.00,0.00,0.00,0.00,0.00,0.00,8.00,0.57,0.00,5.00,0.36,0.00,1.00,0.07,0.00,0.00,0.00,0.00,11.00,0.79,0.00,3.00,0.21,0.00,0.00,0.00,0.00,0.00,0.00,0.00,8.00,0.57,0.00,5.00,0.36,0.00,1.00,0.07,0.00,0.00,0.00,0.00,9.00,0.64,0.00,5.00,0.36,0.00,0.00,0.00,0.00,0.00,0.00,0.00
Licenciatura,8686.00,0.54,0.53,7016.00,0.44,0.56,286.00,0.02,0.56,39.00,0.00,0.57,8544.00,0.53,0.53,7126.00,0.45,0.56,313.00,0.02,0.53,45.00,0.00,0.64,8177.00,0.51,0.53,7600.00,0.47,0.56,228.00,0.01,0.55,22.00,0.00,0.47,7363.00,0.46,0.53,7989.00,0.50,0.55,627.00,0.04,0.54,47.00,0.00,0.51,8453.00,0.53,0.54,7218.00,0.45,0.55,325.00,0.02,0.57,31.00,0.00,0.48,6710.00,0.42,0.52,8752.00,0.55,0.56,524.00,0.03,0.57,41.00,0.00,0.59,7327.00,0.46,0.53,8147.00,0.51,0.56,491.00,0.03,0.55,62.00,0.00,0.55,7247.00,0.45,0.53,8302.00,0.52,0.56,433.00,0.03,0.58,45.00,0.00,0.51,7637.00,0.48,0.53,7976.00,0.50,0.56,382.00,0.02,0.53,32.00,0.00,0.53
Especialidad,442.00,0.59,0.03,290.00,0.39,0.02,12.00,0.02,0.02,1.00,0.00,0.01,431.00,0.58,0.03,292.00,0.39,0.02,19.00,0.03,0.03,3.00,0.00,0.04,404.00,0.54,0.03,330.00,0.44,0.02,8.00,0.01,0.02,3.00,0.00,0.06,369.00,0.50,0.03,341.00,0.46,0.02,33.00,0.04,0.03,2.00,0.00,0.02,417.00,0.56,0.03,318.00,0.43,0.02,9.00,0.01,0.02,1.00,0.00,0.02,357.00,0.48,0.03,373.00,0.50,0.02,15.00,0.02,0.02,0.00,0.00,0.00,378.00,0.51,0.03,341.00,0.46,0.02,26.00,0.04,0.03,0.00,0.00,0.00,369.00,0.50,0.03,358.00,0.48,0.02,17.00,0.02,0.02,1.00,0.00,0.01,383.00,0.51,0.03,341.00,0.46,0.02,19.00,0.03,0.03,2.00,0.00,0.03
Maestría,4062.00,0.60,0.25,2571.00,0.38,0.21,112.00,0.02,0.22,19.00,0.00,0.28,3916.00,0.58,0.24,2671.00,0.40,0.21,164.00,0.02,0.28,13.00,0.00,0.19,3805.00,0.56,0.25,2837.00,0.42,0.21,105.00,0.02,0.25,17.00,0.00,0.36,3404.00,0.50,0.25,3016.00,0.45,0.21,314.00,0.05,0.27,30.00,0.00,0.32,3834.00,0.57,0.24,2779.00,0.41,0.21,130.00,0.02,0.23,21.00,0.00,0.32,3260.00,0.48,0.25,3289.00,0.49,0.21,196.00,0.03,0.21,19.00,0.00,0.28,3457.00,0.51,0.25,3063.00,0.45,0.21,216.00,0.03,0.24,28.00,0.00,0.25,3392.00,0.50,0.25,3176.00,0.47,0.21,172.00,0.03,0.23,24.00,0.00,0.27,3540.00,0.52,0.25,3021.00,0.45,0.21,186.00,0.03,0.26,17.00,0.00,0.28
Doctorado,471.00,0.63,0.03,255.00,0.34,0.02,18.00,0.02,0.04,2.00,0.00,0.03,437.00,0.59,0.03,292.00,0.39,0.02,16.00,0.02,0.03,1.00,0.00,0.01,433.00,0.58,0.03,299.00,0.40,0.02,14.00,0.02,0.03,0.00,0.00,0.00,402.00,0.54,0.03,323.00,0.43,0.02,19.00,0.03,0.02,2.00,0.00,0.02,436.00,0.58,0.03,292.00,0.39,0.02,18.00,0.02,0.03,0.00,0.00,0.00,401.00,0.54,0.03,319.00,0.43,0.02,24.00,0.03,0.03,2.00,0.00,0.03,415.00,0.56,0.03,302.00,0.41,0.02,26.00,0.04,0.03,3.00,0.00,0.03,391.00,0.52,0.03,336.00,0.45,0.02,14.00,0.02,0.02,5.00,0.01,0.06,404.00,0.54,0.03,326.00,0.44,0.02,14.00,0.02,0.02,2.00,0.00,0.03
Posdoctorado,23.00,0.82,0.00,4.00,0.14,0.00,1.00,0.04,0.00,0.00,0.00,0.00,23.00,0.82,0.00,5.00,0.18,0.00,0.00,0.00,0.00,0.00,0.00,0.00,20.00,0.71,0.00,8.00,0.29,0.00,0.00,0.00,0.00,0.00,0.00,0.00,22.00,0.79,0.00,6.00,0.21,0.00,0.00,0.00,0.00,0.00,0.00,0.00,22.00,0.79,0.00,5.00,0.18,0.00,1.00,0.04,0.00,0.00,0.00,0.00,21.00,0.75,0.00,6.00,0.21,0.00,1.00,0.04,0.00,0.00,0.00,0.00,19.00,0.68,0.00,9.00,0.32,0.00,0.00,0.00,0.00,0.00,0.00,0.00,20.00,0.71,0.00,7.00,0.25,0.00,1.00,0.04,0.00,0.00,0.00,0.00,21.00,0.75,0.00,7.00,0.25,0.00,0.00,0.00,0.00,0.00,0.00,0.00
Menor o igual a 10,5580.00,0.60,0.34,3625.00,0.39,0.29,143.00,0.02,0.28,22.00,0.00,0.32,5372.00,0.57,0.33,3791.00,0.41,0.30,181.00,0.02,0.30,27.00,0.00,0.39,5180.00,0.55,0.34,4040.00,0.43,0.30,141.00,0.02,0.34,10.00,0.00,0.21,4640.00,0.50,0.34,4323.00,0.46,0.30,374.00,0.04,0.32,34.00,0.00,0.37,5375.00,0.57,0.34,3802.00,0.41,0.29,177.00,0.02,0.31,17.00,0.00,0.26,4444.00,0.47,0.35,4629.00,0.49,0.30,277.00,0.03,0.30,21.00,0.00,0.30,4630.00,0.49,0.33,4410.00,0.47,0.30,296.00,0.03,0.33,35.00,0.00,0.31,4557.00,0.49,0.33,4531.00,0.48,0.30,250.00,0.03,0.33,33.00,0.00,0.37,4837.00,0.52,0.34,4294.00,0.46,0.30,217.00,0.02,0.30,23.00,0.00,0.38
11 a 20,6094.00,0.54,0.37,5000.00,0.44,0.40,207.00,0.02,0.41,28.00,0.00,0.41,5977.00,0.53,0.37,5103.00,0.45,0.40,228.00,0.02,0.38,21.00,0.00,0.30,5772.00,0.51,0.37,5377.00,0.48,0.40,159.00,0.01,0.38,20.00,0.00,0.43,5152.00,0.46,0.37,5696.00,0.50,0.40,444.00,0.04,0.38,35.00,0.00,0.38,5843.00,0.52,0.37,5243.00,0.46,0.40,214.00,0.02,0.37,28.00,0.00,0.43,4752.00,0.42,0.37,6184.00,0.55,0.39,363.00,0.03,0.40,29.00,0.00,0.42,5126.00,0.45,0.37,5804.00,0.51,0.40,356.00,0.03,0.40,42.00,0.00,0.37,5058.00,0.45,0.37,5922.00,0.52,0.40,314.00,0.03,0.42,34.00,0.00,0.38,5288.00,0.47,0.37,5718.00,0.51,0.40,298.00,0.03,0.41,24.00,0.00,0.39
21 a 30,4711.00,0.54,0.29,3917.00,0.45,0.31,158.00,0.02,0.31,19.00,0.00,0.28,4721.00,0.54,0.29,3876.00,0.44,0.30,186.00,0.02,0.31,22.00,0.00,0.31,4471.00,0.51,0.29,4199.00,0.48,0.31,117.00,0.01,0.28,17.00,0.00,0.36,4030.00,0.46,0.29,4402.00,0.50,0.31,348.00,0.04,0.30,24.00,0.00,0.26,4541.00,0.52,0.29,4063.00,0.46,0.31,181.00,0.02,0.32,20.00,0.00,0.31,3641.00,0.41,0.28,4869.00,0.55,0.31,276.00,0.03,0.30,19.00,0.00,0.28,4133.00,0.47,0.30,4396.00,0.50,0.30,240.00,0.03,0.27,36.00,0.00,0.32,4081.00,0.46,0.30,4518.00,0.51,0.30,184.00,0.02,0.25,22.00,0.00,0.25,4258.00,0.48,0.30,4321.00,0.49,0.30,212.00,0.02,0.29,14.00,0.00,0.23
31 a 40,0.00,0.00,0.00,0.00,0.00,0.00,0.00,0.00,0.00,0.00,0.00,0.00,0.00,0.00,0.00,0.00,0.00,0.00,0.00,0.00,0.00,0.00,0.00,0.00,0.00,0.00,0.00,0.00,0.00,0.00,0.00,0.00,0.00,0.00,0.00,0.00,0.00,0.00,0.00,0.00,0.00,0.00,0.00,0.00,0.00,0.00,0.00,0.00,0.00,0.00,0.00,0.00,0.00,0.00,0.00,0.00,0.00,0.00,0.00,0.00,0.00,0.00,0.00,0.00,0.00,0.00,0.00,0.00,0.00,0.00,0.00,0.00,0.00,0.00,0.00,0.00,0.00,0.00,0.00,0.00,0.00,0.00,0.00,0.00,0.00,0.00,0.00,0.00,0.00,0.00,0.00,0.00,0.00,0.00,0.00,0.00,0.00,0.00,0.00,0.00,0.00,0.00,0.00,0.00,0.00,0.00,0.00,0.00
41 a 50,0.00,0.00,0.00,0.00,0.00,0.00,0.00,0.00,0.00,0.00,0.00,0.00,0.00,0.00,0.00,0.00,0.00,0.00,0.00,0.00,0.00,0.00,0.00,0.00,0.00,0.00,0.00,0.00,0.00,0.00,0.00,0.00,0.00,0.00,0.00,0.00,0.00,0.00,0.00,0.00,0.00,0.00,0.00,0.00,0.00,0.00,0.00,0.00,0.00,0.00,0.00,0.00,0.00,0.00,0.00,0.00,0.00,0.00,0.00,0.00,0.00,0.00,0.00,0.00,0.00,0.00,0.00,0.00,0.00,0.00,0.00,0.00,0.00,0.00,0.00,0.00,0.00,0.00,0.00,0.00,0.00,0.00,0.00,0.00,0.00,0.00,0.00,0.00,0.00,0.00,0.00,0.00,0.00,0.00,0.00,0.00,0.00,0.00,0.00,0.00,0.00,0.00,0.00,0.00,0.00,0.00,0.00,0.00
Mayor o igual a 51,0.00,0.00,0.00,0.00,0.00,0.00,0.00,0.00,0.00,0.00,0.00,0.00,0.00,0.00,0.00,0.00,0.00,0.00,0.00,0.00,0.00,0.00,0.00,0.00,0.00,0.00,0.00,0.00,0.00,0.00,0.00,0.00,0.00,0.00,0.00,0.00,0.00,0.00,0.00,0.00,0.00,0.00,0.00,0.00,0.00,0.00,0.00,0.00,0.00,0.00,0.00,0.00,0.00,0.00,0.00,0.00,0.00,0.00,0.00,0.00,0.00,0.00,0.00,0.00,0.00,0.00,0.00,0.00,0.00,0.00,0.00,0.00,0.00,0.00,0.00,0.00,0.00,0.00,0.00,0.00,0.00,0.00,0.00,0.00,0.00,0.00,0.00,0.00,0.00,0.00,0.00,0.00,0.00,0.00,0.00,0.00,0.00,0.00,0.00,0.00,0.00,0.00,0.00,0.00,0.00,0.00,0.00,0.00
Definitivo o base,15288.00,0.55,0.93,11852.00,0.43,0.95,476.00,0.02,0.94,66.00,0.00,0.96,14943.00,0.54,0.93,12110.00,0.44,0.95,562.00,0.02,0.95,67.00,0.00,0.96,14366.00,0.52,0.93,12873.00,0.47,0.95,396.00,0.01,0.95,45.00,0.00,0.96,12846.00,0.46,0.93,13643.00,0.49,0.95,1100.00,0.04,0.94,90.00,0.00,0.97,14654.00,0.53,0.93,12422.00,0.45,0.95,541.00,0.02,0.95,64.00,0.00,0.99,11894.00,0.43,0.93,14865.00,0.54,0.95,855.00,0.03,0.93,67.00,0.00,0.97,12907.00,0.47,0.93,13816.00,0.50,0.95,850.00,0.03,0.95,108.00,0.00,0.96,12727.00,0.46,0.93,14173.00,0.51,0.95,697.00,0.03,0.93,84.00,0.00,0.94,13374.00,0.48,0.93,13560.00,0.49,0.95,691.00,0.03,0.95,56.00,0.00,0.92
Interino,615.00,0.60,0.04,387.00,0.38,0.03,16.00,0.02,0.03,2.00,0.00,0.03,638.00,0.63,0.04,367.00,0.36,0.03,12.00,0.01,0.02,3.00,0.00,0.04,597.00,0.59,0.04,410.00,0.40,0.03,11.00,0.01,0.03,2.00,0.00,0.04,556.00,0.55,0.04,433.00,0.43,0.03,28.00,0.03,0.02,3.00,0.00,0.03,614.00,0.60,0.04,391.00,0.38,0.03,14.00,0.01,0.02,1.00,0.00,0.02,524.00,0.51,0.04,459.00,0.45,0.03,36.00,0.04,0.04,1.00,0.00,0.01,558.00,0.55,0.04,431.00,0.42,0.03,29.00,0.03,0.03,2.00,0.00,0.02,552.00,0.54,0.04,440.00,0.43,0.03,26.00,0.03,0.04,2.00,0.00,0.02,571.00,0.56,0.04,427.00,0.42,0.03,19.00,0.02,0.03,3.00,0.00,0.05
Tiempo fijo,274.00,0.61,0.02,168.00,0.37,0.01,7.00,0.02,0.01,0.00,0.00,0.00,275.00,0.61,0.02,163.00,0.36,0.01,12.00,0.03,0.02,0.00,0.00,0.00,265.00,0.59,0.02,180.00,0.40,0.01,5.00,0.01,0.01,0.00,0.00,0.00,243.00,0.54,0.02,194.00,0.43,0.01,13.00,0.03,0.01,0.00,0.00,0.00,286.00,0.64,0.02,154.00,0.34,0.01,10.00,0.02,0.02,0.00,0.00,0.00,251.00,0.56,0.02,183.00,0.41,0.01,15.00,0.03,0.02,1.00,0.00,0.01,259.00,0.58,0.02,184.00,0.41,0.01,5.00,0.01,0.01,2.00,0.00,0.02,246.00,0.55,0.02,189.00,0.42,0.01,13.00,0.03,0.02,2.00,0.00,0.02,262.00,0.58,0.02,180.00,0.40,0.01,7.00,0.02,0.01,1.00,0.00,0.02
No tengo nombramiento,26.00,0.51,0.00,25.00,0.49,0.00,0.00,0.00,0.00,0.00,0.00,0.00,26.00,0.51,0.00,21.00,0.41,0.00,4.00,0.08,0.01,0.00,0.00,0.00,24.00,0.47,0.00,26.00,0.51,0.00,1.00,0.02,0.00,0.00,0.00,0.00,18.00,0.35,0.00,29.00,0.57,0.00,4.00,0.08,0.00,0.00,0.00,0.00,20.00,0.39,0.00,29.00,0.57,0.00,2.00,0.04,0.00,0.00,0.00,0.00,19.00,0.37,0.00,30.00,0.59,0.00,2.00,0.04,0.00,0.00,0.00,0.00,18.00,0.35,0.00,31.00,0.61,0.00,1.00,0.02,0.00,1.00,0.02,0.01,20.00,0.39,0.00,26.00,0.51,0.00,4.00,0.08,0.01,1.00,0.02,0.01,21.00,0.41,0.00,27.00,0.53,0.00,2.00,0.04,0.00,1.00,0.02,0.02
Otro,181.00,0.60,0.01,109.00,0.36,0.01,9.00,0.03,0.02,1.00,0.00,0.01,187.00,0.62,0.01,108.00,0.36,0.01,5.00,0.02,0.01,0.00,0.00,0.00,171.00,0.57,0.01,125.00,0.42,0.01,4.00,0.01,0.01,0.00,0.00,0.00,159.00,0.53,0.01,120.00,0.40,0.01,21.00,0.07,0.02,0.00,0.00,0.00,184.00,0.61,0.01,111.00,0.37,0.01,5.00,0.02,0.01,0.00,0.00,0.00,149.00,0.50,0.01,143.00,0.48,0.01,8.00,0.03,0.01,0.00,0.00,0.00,146.00,0.49,0.01,147.00,0.49,0.01,7.00,0.02,0.01,0.00,0.00,0.00,150.00,0.50,0.01,142.00,0.47,0.01,8.00,0.03,0.01,0.00,0.00,0.00,154.00,0.51,0.01,138.00,0.46,0.01,8.00,0.03,0.01,0.00,0.00,0.00
GENERAL PÚBLICA,7846.00,0.55,0.48,6119.00,0.43,0.49,264.00,0.02,0.52,33.00,0.00,0.48,7660.00,0.54,0.48,6267.00,0.44,0.49,294.00,0.02,0.49,41.00,0.00,0.59,7404.00,0.52,0.48,6631.00,0.47,0.49,201.00,0.01,0.48,25.00,0.00,0.53,6592.00,0.46,0.48,7030.00,0.49,0.49,581.00,0.04,0.50,58.00,0.00,0.62,7490.00,0.53,0.48,6454.00,0.45,0.49,280.00,0.02,0.49,37.00,0.00,0.57,6093.00,0.43,0.48,7647.00,0.54,0.49,482.00,0.03,0.53,39.00,0.00,0.57,6572.00,0.46,0.47,7176.00,0.50,0.49,447.00,0.03,0.50,66.00,0.01,0.58,6484.00,0.46,0.47,7364.00,0.52,0.49,357.00,0.03,0.48,56.00,0.00,0.63,6827.00,0.48,0.48,7047.00,0.49,0.49,354.00,0.03,0.49,33.00,0.00,0.54
TÉCNICA,6844.00,0.56,0.42,5265.00,0.43,0.42,202.00,0.02,0.40,31.00,0.00,0.45,6684.00,0.54,0.42,5370.00,0.44,0.42,264.00,0.02,0.44,25.00,0.00,0.36,6429.00,0.52,0.42,5710.00,0.46,0.42,184.00,0.02,0.44,19.00,0.00,0.40,5785.00,0.47,0.42,6027.00,0.49,0.42,499.00,0.04,0.43,31.00,0.00,0.33,6569.00,0.53,0.42,5504.00,0.45,0.42,247.00,0.02,0.43,23.00,0.00,0.35,5382.00,0.44,0.42,6579.00,0.53,0.42,354.00,0.03,0.39,28.00,0.00,0.41,5821.00,0.47,0.42,6105.00,0.50,0.42,378.00,0.03,0.42,39.00,0.00,0.35,5735.00,0.47,0.42,6238.00,0.51,0.42,339.00,0.03,0.45,31.00,0.00,0.35,5985.00,0.49,0.42,6014.00,0.49,0.42,317.00,0.03,0.44,27.00,0.00,0.44
TELESECUNDARIA,1695.00,0.58,0.10,1158.00,0.40,0.09,42.00,0.01,0.08,5.00,0.00,0.07,1726.00,0.60,0.11,1133.00,0.39,0.09,37.00,0.01,0.06,4.00,0.00,0.06,1590.00,0.55,0.10,1275.00,0.44,0.09,32.00,0.01,0.08,3.00,0.00,0.06,1445.00,0.50,0.11,1364.00,0.47,0.10,86.00,0.03,0.07,4.00,0.00,0.04,1700.00,0.59,0.11,1150.00,0.40,0.09,45.00,0.02,0.08,5.00,0.00,0.08,1362.00,0.47,0.11,1456.00,0.50,0.09,80.00,0.03,0.09,2.00,0.00,0.03,1496.00,0.52,0.11,1329.00,0.46,0.09,67.00,0.02,0.08,8.00,0.00,0.07,1477.00,0.51,0.11,1369.00,0.47,0.09,52.00,0.02,0.07,2.00,0.00,0.02,1571.00,0.54,0.11,1272.00,0.44,0.09,56.00,0.02,0.08,1.00,0.00,0.02
Total,16385.00,0.56,1.00,12542.00,0.43,1.00,508.00,0.02,1.00,69.00,0.00,1.00,16070.00,0.55,1.00,12770.00,0.43,1.00,595.00,0.02,1.00,70.00,0.00,1.00,15423.00,0.52,1.00,13616.00,0.46,1.00,417.00,0.01,1.00,47.00,0.00,1.00,13822.00,0.47,1.00,14421.00,0.49,1.00,1166.00,0.04,1.00,93.00,0.00,1.00,15759.00,0.53,1.00,13108.00,0.44,1.00,572.00,0.02,1.00,65.00,0.00,1.00,12837.00,0.44,1.00,15682.00,0.53,1.00,916.00,0.03,1.00,69.00,0.00,1.00,13889.00,0.47,1.00,14610.00,0.50,1.00,892.00,0.03,1.00,113.00,0.00,1.00,13696.00,0.46,1.00,14971.00,0.51,1.00,748.00,0.03,1.00,89.00,0.00,1.00,14383.00,0.49,1.00,14333.00,0.49,1.00,727.00,0.03,1.00,61.00,0.00,1.00
